Accession,Gene
H3BNQ7,ABAT
Q15118,PDK1
Q04446,GBE1
B8ZZ54,HSPE1
P61604,HSPE1
A0A494C1M4,ALDH1L2
Q15029,EFTUD2
F8WD83,METTL15
Q9NRX4,PHPT1
P31946,YWHAB
P62258,YWHAE
Q04917,YWHAH
P61981,YWHAG
P31947,SFN
P27348,YWHAQ
P63104,YWHAZ
A0A2R8Y5C4,TNKS1BP1
C9JBM3,ABHD5
Q99943,AGPAT1
Q9NUQ2,AGPAT5
Q01970,PLCB3
P51178,PLCD1
P16885,PLCG2
P09543,CNP
Q16698,DECR1
P29728,OAS2
Q15646,OASL
Q99460,PSMD1
O00231,PSMD11
O00232,PSMD12
Q9UNM6,PSMD13
O00487,PSMD14
Q13200,PSMD2
O43242,PSMD3
A6PVX3,PSMD4
Q16401,PSMD5
Q15008,PSMD6
P51665,PSMD7
P48556,PSMD8
F5H5V4,PSMD9
A0A087X2I1,PSMC6
P62191,PSMC1
R4GNH3,PSMC3
P43686,PSMC4
P35998,PSMC2
P62195,PSMC5
Q13442,PDAP1
P82912,MRPS11
O15235,MRPS12
O60783,MRPS14
P82914,MRPS15
E9PE17,MRPS17
Q9Y399,MRPS2
P82921,MRPS21
P82650,MRPS22
Q9Y3D9,MRPS23
P82663,MRPS25
Q9BYN8,MRPS26
G5EA06,MRPS27
Q9Y2Q9,MRPS28
P51398,DAP3
Q92665,MRPS31
C9JBY7,MRPS33
C9JJ19,MRPS34
P82673,MRPS35
P82675,MRPS5
P82932,MRPS6
Q9Y2R9,MRPS7
P82933,MRPS9
Q96P11,NSUN5
Q9UJ83,HACL1
M0R1B5,ILVBL
Q16880,UGT8
E9PFG7,OGDH
Q9BYD6,MRPL1
Q7Z7H8,MRPL10
Q9BYD1,MRPL13
Q6P1L8,MRPL14
Q9P015,MRPL15
Q9NX20,MRPL16
Q9NRX2,MRPL17
Q9H0U6,MRPL18
P49406,MRPL19
Q9BYC9,MRPL20
Q7Z2W9,MRPL21
Q9NWU5,MRPL22
Q16540,MRPL23
Q96A35,MRPL24
Q13084,MRPL28
P09001,MRPL3
B8ZZV5,MRPL30
S4R369,MRPL37
Q96DV4,MRPL38
C9JG87,MRPL39
Q9BYD3,MRPL4
Q9NQ50,MRPL40
Q8IXM3,MRPL41
Q9H9J2,MRPL44
A0A087X2D5,MRPL45
Q9H2W6,MRPL46
Q9HD33,MRPL47
Q96GC5,MRPL48
X6RIW1,MRPL55
Q9NVS2,MRPS18A
Q9NP92,MRPS30
Q15125,EBP
Q99714,HSD17B10
Q6NVY1,HIBCH
K7EME0,ACAA2
H7C131,ACAA1
P46783,RPS10
P62280,RPS11
P25398,RPS12
P62277,RPS13
A0A2R8Y811,RPS14
P62841,RPS15
P62244,RPS15A
P62249,RPS16
H3BNC9,3 SV
A0A0G2JQH2,RPS18
P62269,RPS18
M0R2L9,RPS19
P39019,RPS19
P15880,RPS2
P60866,RPS20
P63220,RPS21
P62266,RPS23
A0A2R8Y849,RPS24
P62851,RPS25
P62854,RPS26
P42677,RPS27
P62857,RPS28
P62273,RPS29
P23396,RPS3
P62861,FAU
P61247,RPS3A
P62701,RPS4X
M0R0F0,RPS5
P62753,RPS6
A0A2R8Y623,RPS7
P62081,RPS7
P62241,RPS8
P46781,RPS9
P08865,RPSA
F5GZS6,SLC3A2
P49189,ALDH9A1
J3KRC4,NT5C
Q8IV08,PLD3
Q9H0D6,XRN2
Q9H857,NT5DC2
X6RM59,NT5C3A
P10809,HSPD1
A0A0J9YVP6,PUF60
P05388,RPLP0
P05386,RPLP1
P05387,RPLP2
F8W7C6,RPL10
P27635,RPL10
P62906,RPL10A
P62913,RPL11
P30050,RPL12
P26373,RPL13
P40429,RPL13A
P50914,RPL14
P61313,RPL15
J3KRX5,RPL17
J3QQ67,RPL18
Q02543,RPL18A
P84098,RPL19
P46778,RPL21
P35268,RPL22
C9JYQ9,RPL22L1
P62829,RPL23
K7EJV9,RPL23A
P83731,RPL24
P61254,RPL26
P61353,RPL27
E9PLL6,RPL27A
H0YKD8,RPL28
A0A3B3ITT5,RPL29
P39023,RPL3
E5RI99,RPL30
P62899,RPL31
D3YTB1,RPL32
P49207,RPL34
P42766,RPL35
P18077,RPL35A
Q9Y3U8,RPL36
Q969Q0,RPL36AL
P61513,RPL37A
P63173,RPL38
P62891,RPL39
P36578,RPL4
P46777,RPL5
Q02878,RPL6
P18124,RPL7
P62424,RPL7A
Q6DKI1,RPL7L1
P62917,RPL8
P32969,RPL9
Q9Y221,NIP7
P52209,PGD
M0R261,PGLS
Q9UBM7,DHCR7
B9A035,NT5C3A
Q8IZP0,ABI1
Q9BWD1,ACAT2
P24752,ACAT1
Q13085,ACACA
A0A1B0GUE3,ASAH1
Q6ZNF0,ACP7
F8VWW8,SMPDL3B
P39687,ANP32A
Q92688,ANP32B
A2A274,ACO2
P68032,ACTC1
P68133,ACTA1
P60709,ACTB
P63261,ACTG1
A0A0A0MS51,GSN
O96019,ACTL6A
P61160,ACTR2
Q92747,ARPC1A
O15143,ARPC1B
O15144,ARPC2
O15145,ARPC3
P59998,ARPC4
O15511,ARPC5
Q9BPX5,ARPC5L
P61158,ACTR3
P53999,SUB1
H0YE34,AMBRA1
Q8N9N2,ASCC1
Q8N3C0,ASCC3
O95433,AHSA1
Q9ULW3,ABT1
Q86WX3,RPS19BP1
Q9H2P0,ADNP
P13798,APEH
A0A0A0MR74,DGAT1
B8ZWD1,DBI
Q9NPJ3,ACOT13
Q9Y305,ACOT9
H0Y6P4,THEM5
E9PC15,AGK
E5RGR0,LYPLA1
A0A669KBE7,ADAMTSL4
A0A1W2PRL5,NECAP1
P07741,APRT
P25054,APC
Q8TB61,SLC35B2
P55263,ADK
P23526,AHCY
P54819,AK2
P00568,AK1
A0A0A6YY92,ADSL
P30520,ADSS2
Q5T0R9,CAP1
Q01518,CAP1
Q96PE1,ADGRA2
A0A6I8PIV6,ADGRL2
Q9Y653,ADGRG1
Q9HDC9,APMAP
P12235,SLC25A4
P05141,SLC25A5
P12236,SLC25A6
Q9BRR6,ADPGK
P61204,ARF3
P18085,ARF4
P84085,ARF5
P62330,ARF6
B4DZG7,ARL1
P36405,ARL3
Q9NVJ2,ARL8B
A6NFX8,NUDT5
A8MQ02,AFDN
Q9Y4W6,AFG3L2
O43488,AKR7A2
H0YK70,ACAN
I3NI36,AKAP1
O43823,AKAP8
A0A0A0MRF6,AKAP9
Q9NRG9,AAAS
P49588,AARS1
P02768,ALB
P11766,ADH5
P47895,ALDH1A3
Q8IZ83,ALDH16A1
P51648,ALDH3A2
C9JMC5,ALDH3A1
P05091,ALDH2
P14550,AKR1A1
P15121,AKR1B1
O60218,AKR1B10
Q04828,AKR1C1
S4R3P0,AKR1C2
O00116,AGPS
Q6NUM9,RETSAT
V9HW50,ADH1B
E9PK47,PYGL
P02763,ORM1
P01011,SERPINA3
P01009,SERPINA1
P02765,AHSG
P01023,A2M
A0A3B3IRQ7,LRPAP1
A8K2U0,A2ML1
P12814,ACTN1
O43707,ACTN4
A0A1B0GTG2,ALDH7A1
Q9UDR5,AASS
P04745,AMY1A
P61163,ACTR1A
A0A024R3B9,CRYAB
P06733,ENO1
Q16352,INA
P54920,NAPA
P40222,TXLNA
Q8TCU4,ALMS1
Q12904,AIMP1
Q13155,AIMP2
J3KQ48,PTRH2
E9PLK3,NPEPPS
Q9UBD6,RHCG
Q01432,AMPD3
Q9H1A4,ANAPC1
Q9UM13,ANAPC10
F5GXB9,ANAPC15
Q96DE5,ANAPC16
Q9UJX6,ANAPC2
Q9UJX5,ANAPC4
Q9UJX4,ANAPC5
Q9UJX3,ANAPC7
P04920,SLC4A2
Q8IWZ3,ANKHD1
O75179,ANKRD17
Q5VYY1,ANKRD22
A0A590UK20,ANKRD30B
H0Y8Z4,ANK3
Q12955,ANK3
P04083,ANXA1
P50995,ANXA11
P07355,ANXA2
P09525,ANXA4
P08758,ANXA5
P08133,ANXA6
P20073,ANXA7
P13928,ANXA8
Q5VT79,ANXA8L1
O76027,ANXA9
D6RA82,ANXA3
D6RBL5,ANXA5
E5RK69,ANXA6
Q6IWH7,ANO7
O95994,AGR2
A0A0S2Z4R8,TAP1
P03973,SLPI
P01008,SERPINC1
A0A087X253,AP2B1
X6R390,AP2S1
Q10567,AP1B1
O43747,AP1G1
K7EJL1,AP1M1
O95782,AP2A1
O94973,AP2A2
Q96CW1,AP2M1
O14617,AP3D1
P02647,APOA1
P02656,APOC3
C9JF17,APOD
Q9BQE5,APOL2
Q9BZZ5,API5
Q07812,BAX
Q9ULZ3,PYCARD
O95831,AIFM1
S4R3H4,ACIN1
O75342,ALOX12B
J3KPH2,ALOXE3
P52594,AGFG1
O95081,AGFG2
Q96P48,ARAP1
Q8TDY4,ASAP3
P05089,ARG1
Q9NWB6,ARGLU1
Q7L4I2,RSRC2
Q8TF01,PNISR
P54136,RARS1
P04424,ASL
P00966,ASS1
O95260,ATE1
E9PDC3,ARVCF
B4E1N1,ARMC6
P08243,ASNS
O43776,NARS1
P17174,GOT1
P00505,GOT2
P14868,DARS1
A0A3B3IS54,DARS2
Q12797,ASPH
Q15121,PEA15
Q9UBB4,ATXN10
A0A5F9ZHW5,ATXN2
Q8WWM7,ATXN2L
O15265,ATXN7
F5H6I7,ATL3
P24539,ATP5PB
Q96IX5,ATP5MD
P00846,MT-ATP6
P25705,ATP5F1A
P06576,ATP5F1B
O75947,ATP5PD
P30049,ATP5F1D
Q5VTU8,ATP5F1EP2
P56134,ATP5MF
P36542,ATP5F1C
P48047,ATP5PO
G3V325,ATP5MF-PTCD1
Q8NBU5,ATAD1
Q9NVI7,ATAD3A
Q5T9A4,ATAD3B
Q8NB90,SPATA5
O43681,GET3
Q9UII2,ATP5IF1
H7C1V1,MORC2
Q9H8K7,PAAT
Q96S55,WRNIP1
Q9NRK6,ABCB10
Q9NP58,ABCB6
A0A087WW65,ABCB7
A0A3B3ITW3,ABCD3
P61221,ABCE1
Q8NE71,ABCF1
Q9UG63,ABCF2
P53396,ACLY
P17858,PFKL
P08237,PFKM
Q01813,PFKP
O76031,CLPX
Q16740,CLPP
Q08211,DHX9
Q92499,DDX1
Q9NVP1,DDX18
Q9GZR7,DDX24
O00148,DDX39A
O00571,DDX3X
Q9BQ39,DDX50
Q8TDD1,DDX54
A0A087WYN9,DHX29
Q8IYB8,SUPV3L1
Q96TA2,YME1L1
F8VWP4,ARID2
O15169,AXIN1
E7ES00,AXIN2
P20160,AZU1
O95816,BAG2
O95817,BAG3
A0A0A0MS98,SLC4A1
E9PHY5,EPB41L2
Q9HCM4,EPB41L5
O75531,BANF1
A0A087WXM8,BCAM
Q7L1Q6,BZW1
Q9Y6E2,BZW2
P35613,BSG
O00512,BCL9
P51572,BCAP31
H0YBC7,BNIP3L
A2A492,BNIPL
E9PK91,BCLAF1
A0A0J9YWL0,CRYBG1
Q00973,B4GALNT1
P02749,APOH
H0YLF3,B2M
Q562R1,ACTBL2
P16278,GLB1
P07686,HEXB
Q93088,BHMT
P07814,EPRS1
D6RCB6,RIOX2
P13995,MTHFD2
Q96T60,PNKP
P31939,ATIC
Q13867,BLMH
Q9H3K6,BOLA2
Q9NP55,BPIFA1
Q8TDL5,BPIFB1
Q8N4F0,BPIFB2
P80723,BASP1
Q9GZN4,PRSS22
Q96RL1,UIMC1
Q9P287,BCCIP
A0A2R8Y6M6,BCAR1
P56945,BCAR1
O75815,BCAR3
P51587,BRCA2
Q8WY22,BRI3BP
S4R418,BIN2
Q9NXR7,BABAM2
O60885,BRD4
A6NE02,BTBD17
J3KS31,ZNF207
Q9BRD0,BUD13
Q13895,BYSL
P11586,MTHFD1
E7ETN3,1 SV
O75844,ZMPSTE24
P27708,CAD
P12830,CDH1
P22223,CDH3
Q99653,CHP1
Q8IWX8,CHERP
Q9UM00,TMCO1
S4R468,MCU
Q5SWX3,CAMK2G
Q13557,CAMK2D
O75746,SLC25A12
Q9UJS0,SLC25A13
Q6NUK1,SLC25A24
Q6KCM7,SLC25A25
Q9Y2V2,CARHSP1
Q9HB71,CACYBP
P0DP25,CALM3
P27482,CALML3
Q9NZT1,CALML5
P27824,CANX
F8W7E0,CAST
A0A0C4DGB5,CAST
P04632,CAPNS1
Q96L46,CAPNS2
P07384,CAPN1
K7ES69,CNN2
P27797,CALR
O43852,CALU
K7ERP6,PRKACA
P10644,PRKAR1A
P13861,PRKAR2A
Q14444,CAPRIN1
Q8N1G2,CMTR1
P31327,CPS1
P00918,CA2
P07451,CA3
P16152,CBR1
Q9UI42,CPA4
O75976,CPD
P43155,CRAT
P50416,CPT1A
P23786,CPT2
U3KPX3,CSNK1A1
H7BYT1,CSNK1D
P49674,CSNK1E
Q9Y6M4,CSNK1G3
E7EU96,CSNK2A1
P19784,CSNK2A2
P67870,CSNK2B
Q9H078,CLPB
P31944,CASP14
P04040,CAT
P21964,COMT
P35221,CTNNA1
P26232,CTNNA2
A0A2R8YCH5,CTNNB1
A0A669KB62,CTNND1
C9JZR2,CTNND1
P07858,CTSB
A0A1B0GVD5,CTSD
P08311,CTSG
O60911,CTSV
Q9UBR2,CTSZ
P20645,M6PR
P11717,IGF2R
Q03701,CEBPZ
A5YKK6,CNOT1
Q9UKZ1,CNOT11
F8W145,CNOT2
O95400,CD2BP2
Q5ZPR3,CD276
A0A2U3TZL5,CD59
P21926,CD9
A0A096LP69,CD99
D6RCF4,CISD2
B4E101,TAMM41
Q8N163,CCAR2
A0A669KBF5,TMEM30A
P60953,CDC42
G5EA36,CDC27
Q99459,CDC5L
A0A0C4DGG8,CCAR1
Q13042,CDC16
Q12834,CDC20
Q9UJX2,CDC23
P30260,CDC27
Q9NX58,LYAR
P62633,CNBP
P29373,CRABP2
Q8N137,CNTROB
Q7Z7K6,CENPV
Q6ZU80,CEP128
Q9UPN4,CEP131
Q5SW79,CEP170
Q9BYV8,CEP41
Q53EZ4,CEP55
Q96G23,CERS2
Q8IU89,CERS3
Q6ZMG9,CERS6
H3BQD0,CBLN1
Q9NTU7,CBLN4
E9PFZ2,CP
A0A2R8YE50,PRKG1
F8VUA2,CHMP1A
O43633,CHMP2A
Q9BWS9,CHID1
Q9BT22,ALG1
Q96S66,CLCC1
O00299,CLIC1
O95833,CLIC3
Q9Y696,CLIC4
A0A2R8Y4M1,CLIC5
K7EMR2,SLC44A2
A0A0C4DGS9,CEPT1
P49585,PCYT1A
Q13112,CHAF1B
X6R700,CHTOP
J3KS05,CBX1
Q13185,CBX3
P45973,CBX5
C9J6K3,CBX8
O95239,KIF4A
Q9Y6A4,CFAP20
Q9P2M7,CGN
O75390,CS
O14578,CIT
Q8IZR5,CMTM4
Q96FZ5,CMTM7
A0A087WVQ6,CLTC
Q14677,CLINT1
P09497,CLTB
F8WF69,CLTA
P78369,CLDN10
O15551,CLDN3
Q10570,CPSF1
Q9P2I0,CPSF2
Q9UKF6,CPSF3
O95639,CPSF4
O43809,NUDT21
F8WJN3,CPSF6
Q8N684,CPSF7
Q05048,CSTF1
P33240,CSTF2
Q9H0L4,CSTF2T
Q12996,CSTF3
O96005,CLPTM1
G5E9Z2,CLPTM1L
Q7Z460,CLASP1
E7EW49,CLASP2
F5H0Q6,CLASRP
H0YAS8,CLU
P53621,COPA
P53618,COPB1
P35606,COPB2
P48444,ARCN1
O14579,COPE
Q9Y678,COPG1
F8W651,COPZ1
P23528,CFL1
Q8N3U4,STAG2
C9JUN5,CCDC12
Q96CT7,CCDC124
Q8NDH2,CCDC168
Q96A33,CCDC47
A6NKD9,CCDC85C
Q9H6F5,CCDC86
A0A2R8Y4Z8,CCDC9
O75534,CSDE1
Q14011,CIRBP
P02452,COL1A1
P02461,COL3A1
Q86Y22,COL23A1
A0A087WTA8,COL1A2
Q14055,COL9A2
X6RLJ0,C1QA
A0A0A0MSV6,C1QB
P01024,C3
P0C0L5,C4B
Q07021,C1QBP
Q9H845,ACAD9
F5H5N1,NDUFS7
A0A2Y9D025,NDUFA6
H3BV16,NDUFB10
E9PHA2,NCAPH
P42695,NCAPD3
Q96JB2,COG3
Q9NZB2,FAM120A
F5GYF7,COPS7A
B0QZ18,CPNE1
O75131,CPNE3
Q8IYJ1,CPNE9
O75367,MACROH2A1
G8JLG2,CDSN
P35321,SPRR1A
P22528,SPRR1B
Q9BR76,CORO1B
Q9ULV4,CORO1C
P12277,CKB
P06732,CKM
P12532,CKMT1A
E9PIM0,CREBZF
Q9BZJ0,CRNKL1
H0YMH7,CTDSPL2
Q13363,CTBP1
A0A3B3IRQ8,CTPS1
Q92879,CELF1
Q13618,CUL3
Q13619,CUL4A
Q86VP6,CAND1
P18850,ATF6
Q8N884,CGAS
P06493,CDK1
Q9UQ88,CDK11A
Q9NYV4,CDK12
P50750,CDK9
O14976,GAK
O60563,CCNT1
P01040,CSTA
P04080,CSTB
Q15828,CST6
P01036,CST4
E9PIF7,CHORDC1
H7C0I5,4 SV
J3KPA1,CRISP3
Q9UPY5,SLC7A11
P32320,CDA
P13498,CYBA
P00167,CYB5A
D6RFH4,CYB5B
P31930,UQCRC1
P22695,UQCRC2
P47985,UQCRFS1
C9JFR7,CYCS
Q7KZN9,COX15
H3BNX8,COX5A
P00403,MT-CO2
P13073,COX4I1
P10606,COX5B
P09669,COX6C
P14406,COX7A2
O00483,NDUFA4
P08574,CYC1
P53701,HCCS
Q96SQ9,CYP2S1
Q6NT55,CYP4F22
Q14204,DYNC1H1
Q13409,DYNC1I2
O43237,DYNC1LI2
Q7L576,CYFIP1
Q07065,CKAP4
Q14008,CKAP5
P28838,LAP3
O75891,ALDH1L1
O00154,ACOT7
Q96KP4,CNDP2
P0C869,PLA2G4B
Q86XP0,PLA2G4D
Q3MJ16,PLA2G4E
P47712,PLA2G4A
H0YHR8,NT5C2
O43175,PHGDH
Q8TEA8,DTD1
Q96EP5,DAZAP1
Q02338,BDH1
Q5BKZ1,ZNF326
A0A087WT20,DCAF13
P61962,DCAF7
P30046,DDT
Q96HY6,DDRGK1
J3KTA4,DDX5
Q9BTC0,DIDO1
Q9H7D0,DOCK5
Q96N67,DOCK7
Q9Y394,DHRS7
Q9BPW9,DHRS9
H0Y993,DEK
Q9UGM3,DMBT1
Q14739,LBR
Q15392,DHCR24
Q13011,ECH1
P30038,ALDH4A1
P54886,ALDH18A1
P13716,ALAD
O43583,DENR
Q9Y3Z3,SAMHD1
Q5QJE6,DNTTIP2
Q8WVC6,DCAKD
Q9BUN8,DERL1
P81605,DCD
Q6E0U4,DMKN
Q08554,DSC1
A0A3B3ISU0,DSC2
Q14574,DSC3
Q02413,DSG1
Q14126,DSG2
P32926,DSG3
Q86SJ6,DSG4
P15924,DSP
P60981,DSTN
Q9Y295,DRG1
P52429,DGKE
E9PEX6,DLD
P10515,DLAT
P36957,DLST
Q02127,DHODH
Q16555,DPYSL2
Q8WVM0,TFB1M
P53634,CTSC
G3V180,DPP3
O14672,ADAM10
Q13444,ADAM15
Q13443,ADAM9
A0A590UJS9,DLG1
Q96II8,LRCH3
P26358,DNMT1
Q16531,DDB1
P35638,DDIT3
Q9UH17,APOBEC3B
Q9NXL9,MCM9
A0A3B3IT82,BLM
A0A2U3TZM0,CHD4
B1AHB1,MCM5
P49916,LIG3
P52701,MSH6
A0A2R8YFH0,MSH2
M0QZR8,POLD1
Q92878,RAD50
P18887,XRCC1
P49736,MCM2
P25205,MCM3
P33991,MCM4
Q14566,MCM6
P33993,MCM7
P11387,TOP1
P11388,TOP2A
Q02880,TOP2B
P27695,APEX1
P48382,RFX5
P78527,PRKDC
Q9H9Y6,POLR1B
O15446,POLR1G
E7EX70,POLR1E
A0A087WVZ9,POLR2E
P24928,POLR2A
E2QRJ6,POLR2J3
P19387,POLR2C
C9J2Y9,POLR2B
B9ZVN9,POLR1A
O15160,POLR1C
C9JLU1,POLR2H
P31689,DNAJA1
O60884,DNAJA2
Q96EY1,DNAJA3
P25685,DNAJB1
Q9UBS4,DNAJB11
Q9NXW2,DNAJB12
Q9UDY4,DNAJB4
A0A0J9YX62,DNAJB6
A0A494C1G5,DNAJC10
Q9NVH1,DNAJC11
O75165,DNAJC13
H0YK99,DNAJC17
Q99543,DNAJC2
F2Z3D1,DNAJC25
Q9NX36,DNAJC28
Q13217,DNAJC3
Q96LL9,DNAJC30
Q9H3Z4,DNAJC5
A0A6I8PU89,DNAJC7
O75937,DNAJC8
Q8WXX5,DNAJC9
O60762,DPM1
P39656,DDOST
P04843,RPN1
P04844,RPN2
F5GXX5,DAD1
P46977,STT3A
Q8TCJ2,STT3B
F5GWH5,TMEM258
Q9Y5R6,DMRT1
Q9NQL9,DMRT3
O60216,RAD21
O95793,STAU1
E7EVJ4,STAU2
P55265,ADAR
Q16643,DBN1
Q9UJU6,DBNL
B5M0C0,DUOXA1
Q02750,MAP2K1
O95147,DUSP14
H0YI98,DCTN2
H3BUD2,DCTN5
O00429,DNM1L
P50570,DNM2
O60313,OPA1
Q86Y56,DNAAF5
P63167,DYNLL1
P63172,DYNLT1
E9PHI6,DYNC1LI1
Q9H095,IQCG
A0A5H1ZRP8,DMD
P49792,RANBP2
Q14258,TRIM25
Q5VTR2,RNF20
O95714,HERC2
Q7Z6Z7,HUWE1
Q86YT6,MIB1
A0A075B797,NOSIP
A0A590UJQ1,ITCH
Q9NS91,RAD18
A0A2R8Y880,RBBP6
P62877,RBX1
Q99496,RNF2
P19474,TRIM21
P36406,TRIM23
Q9BRZ2,TRIM56
Q14669,TRIP12
Q8IWV7,UBR1
Q8IWV8,UBR2
Q5T4S7,UBR4
O95071,UBR5
Q96T88,UHRF1
B1AL33,UHRF2
H3BQQ2,ZNF598
O94874,UFL1
Q15075,EEA1
Q9HC35,EML4
C9J1V9,EEF1E1-BLOC1S5
H0Y4Y4,EFHD2
Q9H4M9,EHD1
Q92616,GCN1
P19957,PI3
Q15717,ELAVL1
A0A0A0MRX1,ELAVL2
P13804,ETFA
P38117,ETFB
P68104,EEF1A1
Q05639,EEF1A2
P24534,EEF1B2
E9PL71,EEF1D
P29692,EEF1D
P26641,EEF1G
P13639,EEF2
C9IZ01,GFM1
P43897,TSFM
P49411,TUFM
Q9BW60,ELOVL1
Q9GZR5,ELOVL4
Q9NYP7,ELOVL5
B4DKA4,ELP3
A0A024RAC6,ELOA
Q15370,ELOB
Q15369,ELOC
P50402,EMD
O94919,ENDOD1
Q99961,SH3GL1
Q9NZ08,ERAP1
P11021,HSPA5
Q9UKM7,MAN1B1
Q7Z2K6,ERMP1
K7ERA3,P3H4
P30040,ERP29
Q9BS26,ERP44
Q969X5,ERGIC1
A0A1W2PPS8,ERGIC3
P14625,HSP90B1
Q9UPY3,DICER1
H7C2N5,ELAPOR2
O60869,EDF1
Q14511,NEDD9
Q6P2E9,EDC4
P84090,ERH
P42126,ECI1
H0YFD6,HADHA
P30084,ECHS1
Q14244,MAP7
Q92817,EVPL
P29317,EPHA2
Q15375,EPHA7
Q8TE68,EPS8L1
A0A3B3ISQ4,EPS8L2
Q8N3Y7,SDR16C5
A0A075B730,EPPK1
P58107,EPPK1
P16422,EPCAM
H0YBR2,ESRP1
P07099,EPHX1
D6REL6,EPN3
Q99808,SLC29A1
Q9BV94,EDEM2
Q8N766,EMC1
Q15006,EMC2
Q9P0I2,EMC3
Q9NPA0,EMC7
M0R1B0,EMC8
Q96RT1,ERBIN
A0A3B3ISV9,ERI3
O75477,ERLIN1
O94905,ERLIN2
Q96HE7,ERO1A
Q9H501,ESF1
A0A1B0GUN9,ESPN
Q9H0W9,C11orf54
Q92506,HSD17B8
P60842,EIF4A1
P38919,EIF4A3
P15170,GSPT1
P62495,ETF1
P47813,EIF1AX
P05198,EIF2S1
P20042,EIF2S2
P41091,EIF2S3
Q9BY44,EIF2A
P41214,EIF2D
Q14152,EIF3A
P55884,EIF3B
Q99613,EIF3C
O15371,EIF3D
P60228,EIF3E
O00303,EIF3F
O75821,EIF3G
B3KS98,EIF3H
Q13347,EIF3I
O75822,EIF3J
Q9UBQ5,EIF3K
Q9Y262,EIF3L
Q7L2H7,EIF3M
E7EX73,EIF4G1
D3DQV9,EIF4G2
E7EX17,EIF4B
D6RBW1,EIF4E
C9JEL3,EIF4E2
Q15056,EIF4H
P55010,EIF5
P63241,EIF5A
O60841,EIF5B
P56537,EIF6
F8W9B8,EXOC5
Q8IYI6,EXOC8
Q9NVH0,EXD2
A0A087WZJ0,EXPH5
B1AMU7,EXOSC1
Q5RKV6,EXOSC6
Q9NQT5,EXOSC3
Q9NPD3,EXOSC4
Q15024,EXOSC7
M0R102,EXOSC5
Q01780,EXOSC10
P42285,MTREX
O14980,XPO1
P55060,CSE1L
Q9BSJ8,ESYT1
Q9GZZ8,LACRT
Q16610,ECM1
P15311,EZR
Q9Y5B9,SUPT16H
Q08945,SSRP1
P52907,CAPZA1
P47755,CAPZA2
B1AK88,CAPZB
P47756,CAPZB
Q8NFF5,FLAD1
Q96CU9,FOXRED1
C9JSZ1,FUBP1
Q96AE4,FUBP1
Q92945,KHSRP
Q96I24,FUBP3
P14324,FDPS
B3KVN2,FNTA
Q9UNN5,FAF1
Q96CS3,FAF2
Q16658,FSCN1
C9IZN7,TBRG4
Q7L8L6,FASTKD5
P49327,FASN
Q01469,FABP5
Q8WVX9,FAR1
Q86WN1,FCHSD1
Q6ZVX7,NCCRP1
Q9BZK7,TBL1XR1
A0A1B0GV68,FARP1
Q9BQL6,FERMT1
E9PK45,FTH1
K7ELX4,FECH
Q6MZM0,HEPHL1
P02671,FGA
P02675,FGB
P02679,FGG
P02751,FN1
Q9Y2H6,FNDC3A
P20930,FLG
Q5D862,FLG2
P21333,FLNA
O75369,FLNB
Q5T1M5,FKBP15
P39748,FEN1
P30043,BLVRB
A0A087X1I3,SDHA
O75955,FLOT1
Q14254,FLOT2
S4R400,FOCAD
H0YB16,PTK2
Q5VYV0,FOXB2
P55316,FOXG1
A0A087WVM4,MTHFD1L
P51114,FXR1
P51116,FXR2
P09467,FBP1
P04075,ALDOA
P09972,ALDOC
A0A3B3IS80,ALDOB
P07954,FH
H0YLC7,FAH
P98174,FGD1
Q6ZV73,FGD6
F8W895,GPATCH4
Q9UKJ3,GPATCH8
P51570,GALK1
G3V150,B3GAT3
E9PJ77,LGALS8
P09382,LGALS1
P17931,LGALS3
Q08380,LGALS3BP
P47929,LGALS7
Q3ZCW2,LGALSL
Q92820,GGH
O75223,GGCT
H3BM18,IFI16
Q96BI3,APH1A
Q9BSJ2,TUBGCP2
P17900,GM2A
P17302,GJA1
C9JWU8,GJB1
P29033,GJB2
P36383,GJC1
Q96QA5,GSDMA
Q9NXC5,MIOS
H3BMH3,WDR59
D6RF35,GC
D4PHA4,GPBP1
Q13630,TSTA3
P06396,GSN
A0A3B3IU42,GEMIN2
Q9NWZ8,GEMIN8
Q12789,GTF3C1
Q8WUA4,GTF3C2
A0A494C1S7,GTF3C3
Q9UKN8,GTF3C4
Q9Y5Q8,GTF3C5
P29083,GTF2E1
P35269,GTF2F1
P13984,GTF2F2
P32780,GTF2H1
Q13888,GTF2H2
F5GXG6,GTF2H3
P78347,GTF2I
O60763,USO1
G3V3X4,GMFB
Q92990,GLMN
P11413,G6PD
P06744,GPI
K7ELL7,PRKCSH
C9JND4,GXYLT2
P00367,GLUD1
F5H424,GRIP1
P48507,GCLM
Q9BQ67,GRWD1
P15104,GLUL
Q06210,GFPT1
P47897,QARS1
Q9NXS2,QPCTL
Q07075,ENPEP
P35754,GLRX
O76003,GLRX3
K7ERP4,GPX4
P00390,GSR
A0A3B3IRM5,GSTM5
O15217,GSTA4
Q7RTV2,GSTA5
P21266,GSTM3
P78417,GSTO1
P09211,GSTP1
A0A2R8Y6Q7,GSS
P04406,GAPDH
Q8N335,GPD1L
P43304,GPD2
Q14749,GNMT
P41250,GARS1
P54840,GYS2
P13807,GYS1
P11216,PYGB
P49841,GSK3B
Q9NZD2,GLTP
P30419,NMT1
F6TLX2,GLOD4
Q9UBQ7,GRHPR
P49915,GMPS
Q92896,GLG1
O00461,GOLIM4
P0CG08,GPR89B
Q08379,GOLGA2
Q92917,GPKOW
Q96S52,PIGS
A0A1W2PNP0,PIGT
Q92643,PIGK
Q6Y7W6,GIGYF2
F5H5I6,GRSF1
Q8TAE8,GADD45GIP1
P62993,GRB2
Q9H3K2,GHITM
Q99988,GDF15
Q9H4S2,GSX1
Q9UIJ7,AK3
O75616,ERAL1
P01116,KRAS
B5MDF5,RAN
Q9BX10,GTPBP2
K7EMR8,RIT2
Q9NR31,SAR1A
Q9Y6B6,SAR1B
Q9Y2T3,GDA
V9GYM8,ARHGEF2
P08754,GNAI3
P04899,GNAI2
Q9UBI6,GNG12
P62873,GNB1
P62879,GNB2
Q14344,GNA13
Q9BVP2,GNL3
P32455,GBP1
P32456,GBP2
Q96HR8,NAF1
Q9NY12,GAR1
O60832,DKC1
Q9BXW7,HDHD5
A0A2R8Y6S1,TSC1
P00738,HP
Q9Y450,HBS1L
A0A0B4J1V8,PPAN-P2RY11
H3BQZ7,HNRNPUL2-BSCL2
O00165,HAX1
Q9H583,HEATR1
Q7Z4Q2,HEATR3
A0A0G2JIW1,HSPA1B
P34931,HSPA1L
P34932,HSPA4
E9PDE8,HSPA4L
P17066,HSPA6
E9PN89,HSPA8
P11142,HSPA8
Q92598,HSPH1
Q12931,TRAP1
P04792,HSPB1
Q9UJY1,HSPB8
P07900,HSP90AA1
P08238,HSP90AB1
P54652,HSPA2
Q9HCE1,MOV10
A0A087X0E3,SRCAP
Q14527,HLTF
P09601,HMOX1
P30519,HMOX2
P69905,HBA1
P68871,HBB
P02042,HBD
P02790,HPX
Q7LGA3,HS2ST1
Q9Y251,HPSE
E5RIF6,HAVCR1
D6RAR4,HGFAC
A0A087WX58,HDGFL2
Q5SSJ5,HP1BP3
D6RBZ0,HNRNPAB
Q13151,HNRNPA0
H0YH80,HNRNPA1
P09651,HNRNPA1
P51991,HNRNPA3
Q14103,HNRNPD
A0A087WU03,HNRNPDL
O14979,HNRNPDL
P52597,HNRNPF
D6RBM0,HNRNPH1
P31943,HNRNPH1
P55795,HNRNPH2
P31942,HNRNPH3
Q5T6W2,HNRNPK
P61978,HNRNPK
P14866,HNRNPL
Q8WVV9,HNRNPLL
M0QZM1,HNRNPM
P52272,HNRNPM
B7Z645,SYNCRIP
O60506,SYNCRIP
O43390,HNRNPR
Q00839,HNRNPU
Q9BUJ2,HNRNPUL1
P22626,HNRNPA2B1
G3V4C1,HNRNPC
P07910,HNRNPC
E9PB90,HK2
P19367,HK1
C9JAW5,4 SV
O15431,SLC31A1
Q15651,HMGN3
O00479,HMGN4
Q9NP66,HMG20A
P09429,HMGB1
P26583,HMGB2
O15347,HMGB3
P17096,HMGA1
P52926,HMGA2
P42357,HAL
D6RE99,HINT1
P04196,HRG
A0A2R8Y5P7,HARS2
P12081,HARS1
O14929,HAT1
Q9Y294,ASF1A
K7ES22,ASF1B
Q13547,HDAC1
Q92769,HDAC2
O00422,SAP18
P07305,H1-0
Q92522,H1-10
P16403,H1-2
P16402,H1-3
P10412,H1-4
P16401,H1-5
P22492,H1-6
Q8IUE6,H2AC21
Q16777,H2AC20
Q7L7L0,H2AW
Q71UI9,H2AZ2
P16104,H2AX
Q96A08,H2BC1
Q16778,H2BC21
Q5QNW6,H2BC18
Q8N257,H2BU1
Q5TEC6,H3-2
Q71DI3,H3C15
P84243,H3-3A
P62805,H4C1
H0Y3N9,PHF8
Q86X55,CARM1
Q09028,RBBP4
Q16576,RBBP7
Q96KQ7,EHMT2
Q9BZ95,NSD3
O43719,HTATSF1
A0A140T9H5,HLA-C
D7RIG5,HLA-DRB1
P35548,MSX2
Q86YZ3,HRNR
P51610,HCFC1
P50502,ST13
Q16543,CDC37
O75146,HIP1R
M0QXH4,HAS1
Q16836,HADH
Q16775,HAGH
P35914,HMGCL
Q01581,HMGCS1
Q6YN16,HSDL2
Q9Y4L1,HYOU1
A0A087WUZ2,FCGBP
A0A0G2JRQ6,1 SV
A0A087WW49,4 SV
P01876,IGHA1
A0A0G2JMB2,IGHA2
P01857,IGHG1
A0A286YEY4,IGHG2
A0A4W9A917,IGHG3
A0A286YFJ8,IGHG4
P01871,IGHM
A0A0A0MS14,IGHV1-45
S4R460,IGHV3OR16-9
A0A0A0MS15,IGHV3-49
A0A0J9YX35,IGHV3-64D
P01780,IGHV3-7
A0A0B4J1X5,IGHV3-74
P06331,IGHV4-34
A0A0B4J1U7,IGHV6-1
D6RD17,JCHAIN
P01834,IGKC
A0A2Q2TTZ9,IGKV1D-33
P01602,IGKV1-5
A2NJV5,IGKV2-29
A0A5H1ZRS2,IGKV2D-28
P04433,IGKV3-11
P01624,IGKV3-15
P01619,IGKV3-20
P06312,IGKV4-1
P0DOY2,IGLC2
P01700,IGLV1-47
P01706,IGLV2-11
A0A075B6J9,IGLV2-18
P80748,IGLV3-21
P01718,IGLV3-27
A0A0B4J231,IGLL5
Q969P0,IGSF8
P52292,KPNA2
O00629,KPNA4
O00505,KPNA3
O15131,KPNA5
Q14974,KPNB1
Q8TEX9,IPO4
O00410,IPO5
O95373,IPO7
Q96P70,IPO9
A0A494C1B1,SUMF2
H3BQI7,HSDL1
Q8IWB6,TEX14
Q13308,PTK7
Q86YV5,PRAG1
Q9Y6Y0,IVNS1ABP
Q9NQS7,INCENP
Q9Y2U8,LEMD3
H0Y9D8,PPA2
Q15181,PPA1
A0A3B3IRL5,IMPDH1
H0Y4R1,IMPDH2
F8W9L6,IRAG2
Q14573,ITPR3
O14732,IMPA2
P49441,INPP1
J3QLD7,ISYNA1
Q96DU7,ITPKC
P35568,IRS1
P14735,IDE
O00425,IGF2BP3
B8ZZM6,ITM2C
Q96CB8,INTS12
P06756,ITGAV
P05556,ITGB1
P16144,ITGB4
H7C0L5,ITIH4
P05362,ICAM1
Q7Z5L9,IRF2BP2
P20591,MX1
P09914,IFIT1
P19525,EIF2AK2
O75569,PRKRA
O00458,IFRD1
B4DY09,ILF2
Q12906,ILF3
P18510,IL1RN
Q14116,IL18
Q9UHA7,IL36A
Q9NZH8,IL36G
Q9UBH0,IL36RN
Q5JVS0,HABP4
P07476,IVL
A6NCM1,IQCA1L
Q96CN7,ISOC1
H0YL72,IDH3A
O43837,IDH3B
O75874,IDH1
P48735,IDH2
Q9NSE4,IARS2
J3KR24,IARS1
J3KR23,IST1
P14923,JUP
Q9Y624,F11R
O43240,KLK10
Q9UKR3,KLK13
M0QXX2,KLK5
Q92876,KLK6
P49862,KLK7
Q9UKQ9,KLK9
H3BPK1,KATNB1
A0A1B0GWK2,KAZN
O94889,KLHL18
Q8IXQ5,KLHL7
Q15323,KRT31
Q14525,KRT33B
O76011,KRT34
A0A1B0GVI3,KRT10
P13645,KRT10
Q99456,KRT12
K7EMD9,KRT13
P13646,KRT13
P02533,KRT14
P19012,KRT15
P08779,KRT16
Q04695,KRT17
P05783,KRT18
P08727,KRT19
Q9C075,KRT23
Q2M2I5,KRT24
Q7Z3Y8,KRT27
P35527,KRT9
Q9NSB4,KRT82
P78385,KRT83
Q9NSB2,KRT84
P78386,KRT85
O43790,KRT86
P04264,KRT1
Q7Z794,KRT77
P35908,KRT2
Q01546,KRT76
P12035,KRT3
P19013,KRT4
P13647,KRT5
P02538,KRT6A
P04259,KRT6B
P48668,KRT6C
P08729,KRT7
Q3SY84,KRT71
Q14CN4,KRT72
F8W1S1,KRT74
O95678,KRT75
Q8N1N4,KRT78
Q5XKE5,KRT79
P05787,KRT8
Q6KB66,KRT80
P60985,KRTDAP
Q5T749,KPRP
P50053,KHK
Q07666,KHDRBS1
Q5W0G0,KIRREL1
Q86UP2,KTN1
P33176,KIF5B
Q9NQT8,KIF13B
H0YME6,KIF23
D6R9M0,KIF2A
O00139,KIF2A
Q99661,KIF2C
Q9BW19,KIFC1
P01042,KNG1
Q13601,KRR1
H3BR01,SPINT1
O43278,SPINT1
Q9NZI2,KCNIP1
Q16719,KYNU
E7EQB2,LTF
Q04760,GLO1
O00515,LAD1
P42166,TMPO
P42167,TMPO
P20700,LMNB1
Q03252,LMNB2
P07942,LAMB1
Q6PKG0,LARP1
Q71RC2,LARP4
Q92615,LARP4B
Q01650,SLC7A5
H7C2X7,LSG1
Q5TA76,LCE3A
Q9BYE3,LCE3D
F5H479,LAMTOR1
C9JXA7,LAMTOR4
Q9BS40,LXN
Q96KR4,LMLN
Q8NC56,LEMD2
Q9BRK4,LZTS2
P42704,LRPPRC
H7C5S6,LRWD1
Q32MZ4,LRRFIP1
Q9Y608,LRRFIP2
A6NHZ5,LRRC14B
Q8TF66,LRRC15
Q9H9A6,LRRC40
Q8N1G4,LRRC47
Q96AG4,LRRC59
A0A6I8PL42,LARS1
P30740,SERPINB1
E7EWC7,LENG8
Q08722,CD47
P09960,LTA4H
P48059,LIMS1
Q14847,LASP1
Q9UHB6,LIMA1
O00370,1 SV
Q9BU23,LMF2
P11182,DBT
P31025,LCN1
Q86X29,LSR
A0A494C1L5,LRBA
Q86W92,PPFIBP1
E9PK17,PPFIBP2
Q9Y2F5,ICE1
P00338,LDHA
P07195,LDHB
J3QRV5,LLGL2
K7EKE6,LONP1
Q6P1M0,SLC27A4
P28330,ACADL
E7EPM6,ACSL1
O95573,ACSL3
O60488,ACSL4
P23490,LORICRIN
O15165,LDLRAD4
O95232,LUC7L3
P05455,SSB
J3KS22,DCXR
M0QYY3,LYPD5
O95867,LY6G6C
Q14210,LY6D
Q9NRZ9,HELLS
Q1ED39,KNOP1
Q6ZMT4,KDM7A
R4GMQ1,KDM1A
Q15046,KARS1
Q7L5L3,GDPD3
Q96N66,MBOAT7
P04062,GBA
P10619,CTSA
P42785,PRCP
P11279,LAMP1
P13473,LAMP2
P61626,LYZ
Q8WWC4,MAIP1
Q8N5G2,MACO1
P39900,MMP12
P14174,MIF
P40121,CAPG
Q9H0U3,MAGT1
D6RIZ4,MFSD10
Q14764,MVP
B9A041,MDH1
P40925,MDH1
P40926,MDH2
Q14165,MLEC
Q9ULC4,MCTS1
Q8IVS2,MCAT
O75556,SCGB2A1
Q96IJ6,GMPPA
O60476,MAN1A2
Q13724,MOGS
Q9BUT9,MCRIP2
Q8NDC0,MAPK1IP1L
P49006,MARCKSL1
O95460,MATN4
A8MXP9,MATR3
P14780,MMP9
Q8IWI9,MGA
Q14676,MDC1
Q93074,MED12
O60244,MED14
G3V1P5,MED15
A6PVP4,MED20
Q9NPJ6,MED4
E9PF16,ACSF2
Q5T4U5,ACADM
F8W1D1,PMEL
G3V599,MIA2
A8MXT2,MAGEB17
Q9Y5V3,MAGED1
R4GN18,CD46
O00264,PGRMC1
O15173,PGRMC2
Q9Y483,MTF2
E7ESY4,MTA1
O94776,MTA2
Q13505,MTX1
C9JAZ1,MTX2
Q13228,SELENBP1
P53582,METAP1
G3V1U3,METAP2
P56192,MARS1
Q9HCC0,MCCC2
P22033,MMUT
F8VQX6,METTL7A
A0A140TA86,MICOS13
Q16891,IMMT
C9J406,IMMT
A0A087WUX8,APOOL
C9JRZ6,CHCHD3
J3QTA6,CHCHD6
P55081,MFAP1
Q8WYQ5,DGCR8
P10620,MGST1
Q99735,MGST2
O14880,MGST3
A0A087WUC6,SPCS2
H3BPE1,MACF1
Q8WVR3,MAP11
E9PGC8,MAP1A
Q66K74,MAP1S
P11137,MAP2
P27816,MAP4
Q15691,MAPRE1
A0A0C4DGU3,HM13
H7C3Q6,MITD1
Q02978,SLC25A11
Q8N8R3,SLC25A29
H0Y8C3,MTCH1
Q9Y6C9,MTCH2
Q9UBX3,SLC25A10
K4DIA8,SLC25A22
Q9Y3D7,PAM16
Q9BVV7,TIMM21
O14925,TIMM23
Q9BSF4,TIMM29
O43615,TIMM44
Q3ZCQ8,TIMM50
Q15388,TOMM20
Q15785,TOMM34
O96008,TOMM40
O94826,TOMM70
A0A087X0L7,OXA1L
O95900,TRUB2
O95202,LETM1
Q5R3B4,MPC2
Q8IXI1,RHOT2
O95847,SLC25A27
Q10713,PMPCA
Q8IWA4,MFN1
C9JUK9,MAPK7
P28482,MAPK1
O15264,MAPK13
E7ENQ1,MAP4K4
B4E0K5,MAPK14
E9PQW4,MAPK3
O43684,BUB3
O60566,BUB1B
Q8IVT2,MISP
Q8NB16,MLKL
Q9BYG3,NIFK
P26038,MSN
P53985,SLC16A1
O15427,SLC16A3
G5E9F5,MPV17
P78406,RAE1
Q9UKD2,MRTO4
Q96T58,SPEN
Q9UKN1,MUC12
P98088,MUC5AC
Q96DR8,MUCL1
I3L4X2,ABCC1
F5GYQ2,TRMT112
O60568,PLOD3
P22234,PAICS
Q9BU76,MMTAG2
A0A0A0MQX8,MBNL1
Q9BQG0,MYBBP1A
H3BQI4,MAZ
Q8TBZ2,MYCBPAP
U3KPS2,PRTN3
Q15773,MLF2
C9JJV6,MYADM
Q969H8,MYDGF
P05164,MPO
Q9NZM1,MYOF
Q32MK0,MYLK3
F8W1R7,MYL6
A0A494BZV2,MPRIP
O14950,MYL12B
P35580,MYH10
Q7Z406,MYH14
P35579,MYH9
P29966,MARCKS
Q9UJ70,NAGK
P15586,GNS
Q13423,NNT
B4DLR8,NQO1
P23368,ME2
Q8N1B9,NDUFA10
F8VRD8,NDUFA12
Q9P0J0,NDUFA13
Q16718,NDUFA5
Q16795,NDUFA9
O75306,NDUFS2
O75489,NDUFS3
O00217,NDUFS8
Q9UHQ9,CYB5R1
Q6BCY4,CYB5R2
P00387,CYB5R3
P28331,NDUFS1
P48163,ME1
A0A0A0MSZ4,FDXR
P16435,POR
Q9BXJ9,NAA15
C9J5D1,NAA50
H0YHX9,NACA
Q9Y2A7,NCKAP1
O00308,WWP2
Q8TBC4,UBA3
A0A0C4DFX9,NELFA
A0A5H1ZRP4,NELFB
A0A0A0MSN9,NELFE
G3V5X4,SYNE2
P48681,NES
Q8IZJ1,UNC5B
Q96SB3,PPP1R9B
Q09666,AHNAK
Q04721,NOTCH2
M0QX38,NOTCH3
Q8NEJ9,NGDN
C9JYY6,NRCAM
O60462,NRP2
E9PKU7,GANAB
Q14697,GANAB
P43007,SLC1A4
Q15758,SLC1A5
P59665,DEFA1
P08246,ELANE
P80188,LCN2
P55769,SNU13
Q969V3,NCLN
Q92542,NCSTN
P43490,NAMPT
Q9NPI5,NMRK2
Q9HAN9,NMNAT1
Q6XQN6,NAPRT
A0A2R8YDS4,NOS2
Q86UT6,NLRX1
A0A0G2JN29,NOMO1
O95897,OLFM2
P05114,HMGN1
P05204,HMGN2
Q15233,NONO
P22307,SCP2
Q96MG7,NSMCE3
A0A1U9X989,NOTCH4
F2Z2K0,NSFL1C
I3L4B7,SGSH
Q96KG9,SCYL1
P23497,SP100
P49321,NASP
H7BYP4,SP140L
Q09161,NCBP1
P52298,NCBP2
P08651,NFIC
Q7Z417,NUFIP2
Q9Y266,NUDC
Q14980,NUMA1
P57740,NUP107
Q8WUM0,NUP133
P49790,NUP153
O75694,NUP155
Q12769,NUP160
Q92621,NUP205
P35658,NUP214
Q9UKX7,NUP50
Q9BW27,NUP85
Q99567,NUP88
Q8N1F7,NUP93
P52948,NUP98
P37198,NUP62
Q8TEM1,NUP210
Q8TAT6,NPLOC4
Q9HCD5,NCOA5
Q8NG42,PGR
Q9UBU9,NXF1
H3BRV9,NUTF2
Q9H1E3,NUCKS1
F8WC11,EXOG
Q02818,NUCB1
A0A0A0MRM9,NOLC1
S4R341,NOLC1
Q9Y3T9,NOC2L
Q8WTT2,NOC3L
Q9BVI4,NOC4L
Q9BZE4,GTPBP4
Q13823,GNL2
Q5C9Z4,NOM1
O60287,URB1
Q9BSC4,NOL10
Q9H8H0,NOL11
P78316,NOP14
Q9Y3C1,NOP16
O00567,NOP56
Q9Y2X3,NOP58
Q9H6R4,NOL6
Q9UMY1,NOL7
Q9NR30,DDX21
E9PKP7,UBTF
P19338,NCL
F8W8I6,TIA1
Q01085,TIAL1
P06748,NPM1
O75607,NPM3
Q9BTX1,NDC1
Q5SRE5,NUP188
Q8NFH5,NUP35
Q8NFH4,NUP37
Q8NFH3,NUP43
Q7Z3B4,NUP54
Q9BVL2,NUP58
Q96EE3,SEH1L
P12270,TPR
P15531,NME1
Q32Q12,NME1-NME2
F8VV59,NAP1L1
Q99733,NAP1L4
Q9NTK5,OLA1
A0A0G2JMZ8,OCLN
Q56VL3,OCIAD2
H0YGR4,REXO2
A0A087WUD3,OSTC
Q9NQR4,NIT2
Q9NZT2,OGFR
Q13416,ORC2
Q9UBD5,ORC3
P04181,OAT
P00480,OTC
Q92882,OSTF1
Q6GQQ9,OTUD7B
A0A2R8Y690,OSBPL2
Q9BXB4,OSBPL11
Q9H4L5,OSBPL3
Q9BZF1,OSBPL8
Q9NWT1,PAK1IP1
Q96FX8,PERP
Q02962,PAX2
Q06710,PAX8
Q8WX93,PALLD
Q9C0B5,ZDHHC5
Q6P1J9,CDC73
Q8WXF1,PSPC1
Q99497,PARK7
Q8TEW0,PARD3
Q9BRP8,PYM1
O75475,PSIP1
Q5JVF3,PCID2
O00151,PDLIM1
A0A087WVI1,PDLIM2
Q96HC4,PDLIM5
D6RH06,PDLIM7
Q5EBL8,PDZD11
O14908,GIPC1
Q63HM2,PCNX4
Q9UBV8,PEF1
Q96EY7,PTCD3
P62937,PPIA
P23284,PPIB
Q08752,PPID
Q9UNP9,PPIE
P30405,PPIF
Q00688,FKBP3
Q02790,FKBP4
Q14318,FKBP8
C9JM79,PPIG
O43447,PPIH
Q9Y237,PIN4
Q9Y3C6,PPIL1
Q8WUA2,PPIL4
Q9BXM0,PRX
A0A4W8VX11,PCM1
O60664,PLIN3
Q13610,PWP1
Q15269,PWP2
Q8NEY8,PPHLN1
K7EKI8,PPL
Q06830,PRDX1
P32119,PRDX2
H7C3T4,PRDX4
P30044,PRDX5
P30041,PRDX6
Q9BRX8,PRXL2A
Q15067,ACOX1
E9PLS4,PEX16
O43808,SLC25A17
P51659,HSD17B4
Q9BY49,PECR
B5MCF9,PES1
Q8WW12,PCNP
F8WEF5,PHRF1
A0A0D9SGE8,PHF6
Q7RTV0,PHF5A
Q9Y285,FARSA
Q9NSD9,FARSB
Q8WWQ0,PHIP
Q00325,SLC25A3
O95674,CDS2
P30086,PEBP1
Q8WUK0,PTPMT1
Q00169,PITPNA
P48739,PITPNB
A0A5F9ZHN7,SACM1L
H0YEH1,PICALM
Q13492,PICALM
P48651,PTDSS1
A0A494C0G1,PGM3
Q16822,PCK2
P36871,PGM1
Q96G03,PGM2
P00558,PGK1
P18669,PGAM1
Q6P4A8,PLBD1
O43688,PLPP2
Q8IZY2,ABCA7
H3BT06,PMM2
Q15126,PMVK
E7EPA1,PRPSAP2
Q9Y617,PSAT1
Q96BK5,PINX1
Q9H307,PNN
O00625,PIR
P53801,PTTG1IP
F5GYG0,PIWIL1
Q13835,PKP1
Q99959,PKP2
Q9Y446,PKP3
A0A0D9SF60,PKP4
Q99569,PKP4
P20020,ATP2B1
P23634,ATP2B4
Q8NC51,SERBP1
P05120,SERPINB2
P00747,PLG
Q9HBL7,PLGRKT
P13796,LCP1
P13797,PLS3
P43034,PAFAH1B1
P68402,PAFAH1B2
Q15102,PAFAH1B3
Q9HAU0,PLEKHA5
E9PKC0,PLEKHA7
Q15149,PLEC
O43660,PLRG1
O15031,PLXNB2
M0R2X2,POGZ
A0A0A0MSA9,PVR
P09874,PARP1
Q9NVV4,MTPAP
Q15365,PCBP1
Q15366,PCBP2
P21128,ENDOU
H0Y5F5,PABPC4
P11940,PABPC1
Q86U42,PABPN1
Q13310,PABPC4
A0A5F9ZI63,EED
O60828,PQBP1
Q9Y2S7,POLDIP2
Q9BY77,POLDIP3
P01833,PIGR
Q5SY16,NOL9
F2Z2M7,GALNT10
Q10471,GALNT2
Q8N4A0,GALNT4
P26599,PTBP1
O95758,PTBP3
Q8TCS8,PNPT1
P54707,ATP12A
P0CG38,POTEI
O75915,ARL6IP5
P02545,LMNA
Q3BDU5,LMNA
Q9C0J8,WDR33
Q6UN15,FIP1L1
Q9UMS4,PRPF19
Q86UA1,PRPF39
O75400,PRPF40A
O94906,PRPF6
Q6P2Q9,PRPF8
O43143,DHX15
A0A140T947,DHX16
Q9HCG8,CWC22
Q9NW64,RBM22
O75934,BCAS2
Q9HCS7,XAB2
O95926,SYF2
Q15007,WTAP
Q9UHG3,PCYOX1
Q8IY81,FTSJ3
Q2NL82,TSR1
P49768,PSEN1
Q5JRX3,PITRM1
P46087,NOP2
E9PRK2,NARS2
Q13206,DDX10
Q92841,DDX17
Q9UHI6,DDX20
Q9BUQ8,DDX23
Q96GQ7,DDX27
Q9NUL7,DDX28
Q9UJV9,DDX41
Q9H0S4,DDX47
Q9Y6V7,DDX49
Q9Y2R4,DDX52
Q9NY93,DDX56
P26196,DDX6
D6R944,DDX60
Q4VNC1,ATP13A4
F5H5T7,DPY19L2
Q9HA77,CARS2
Q8IVU3,HERC6
Q9H1B7,IRF2BPL
P0DTE2,IGHV8-51-1
A0A075B6R9,IGKV2D-24
Q9UHA3,RSL24D1
Q99848,EBNA1BP2
Q93008,USP9X
P09668,CTSH
Q8NBJ5,COLGALT1
Q02809,PLOD1
P07737,PFN1
P35080,PFN2
Q8WUM4,PDCD6IP
O75340,PDCD6
P35232,PHB
Q99623,PHB2
H3BT15,IL16
Q9HCU5,PREB
P12273,PIP
P12004,PCNA
P46013,MKI67
Q9UQ80,PA2G4
Q8IZL8,PELP1
A0A0J9YXF8,PRR4
E2QRI1,P3H1
Q8IVL6,P3H3
P13674,P4HA1
P48147,PREP
X6RJ95,PTGES2
A0A087WYT3,PTGES3
Q9P2B2,PTGFRN
Q14914,PTGR1
Q16651,PRSS8
M0QZF9,KLK3
P15309,ACP3
A6XMV8,PRSS2
A0A087WX59,ADRM1
Q06323,PSME1
A0A087X1Z3,PSME2
J3KN16,ECPAS
O95456,PSMG1
A0A140T998,PSMB8
Q5QPM7,PSMF1
H0YL69,PSMA4
P25786,PSMA1
P25787,PSMA2
P25788,PSMA3
P28066,PSMA5
P60900,PSMA6
O14818,PSMA7
P20618,PSMB1
P49721,PSMB2
P49720,PSMB3
P28070,PSMB4
P28074,PSMB5
P28072,PSMB6
Q99436,PSMB7
Q9NY61,AATF
H7BZ58,ABHD11
Q8NFV4,ABHD11
F8W9U3,ABHD14B
Q13015,MLLT11
Q8IVF2,AHNAK2
H0YDE4,PRMT1
O14744,PRMT5
Q9UKV8,AGO2
Q9H9G7,AGO3
P41223,BUD31
C9J384,CMSS1
Q9P003,CNIH4
O75629,CREG1
H9KV28,DIAPH1
H7BZJ3,PDIA3
P30101,PDIA3
P13667,PDIA4
Q14554,PDIA5
Q15084,PDIA6
P07237,P4HB
Q9BVM2,DPCD
Q8WYP5,AHCTF1
A0A0U1RRM6,ENAH
P49257,LMAN1
Q9BPY3,FAM118B
Q96BN6,FAM149B1
Q92567,FAM168A
Q5JX71,FAM209A
B3EWG6,FAM25G
Q92520,FAM3C
Q14320,FAM50A
A0A494C1T9,FAM83H
E9PH82,FAM98A
Q52LJ0,FAM98B
Q13045,FLII
Q14331,FRG1
E9PHV5,ITPRID2
A0A0U1RR22,PACSIN2
A0A0C4DGG1,PACSIN3
Q6P5S2,LEG1
Q9BRT6,LLPH
K7ELG9,LSM12
A0A140TA76,LSM14A
Q5TBP9,LSM14B
Q96GA3,LTV1
Q86UE4,MTDH
F5H6N1,MAGOHB
P61326,MAGOH
Q9BXY0,MAK16
Q969L2,MAL2
Q9NQG1,MANBAL
Q92597,NDRG1
Q9UN36,NDRG2
Q96TA1,NIBAN2
Q9BPW8,NIPSNAP1
O75323,NIPSNAP2
O60502,OGA
Q8NBL1,POGLUT1
Q8NAT1,POMGNT2
Q8N394,TMTC2
Q6ZXV5,TMTC3
Q9BRX2,PELO
C9J177,PPP1R7
O15355,PPM1G
A0A3B3IS79,SSH2
P29590,PML
Q8WVV4,POF1B
Q86U86,PBRM1
P48634,PRRC2A
Q5JSZ5,PRRC2B
Q9Y520,PRRC2C
Q9P258,RCC2
Q13123,IK
O43663,PRC1
Q5T091,RER1
Q14690,PDCD11
P60903,S100A10
P31949,S100A11
Q99584,S100A13
Q9HCY8,S100A14
Q96FQ6,S100A16
P29034,S100A2
P26447,S100A4
P06703,S100A6
P31151,S100A7
Q86SG5,S100A7A
P05109,S100A8
P06702,S100A9
P25815,S100P
O43819,SCO2
A0A669KB89,SCRIB
E7EW05,SDAD1
P55735,SEC13
Q9UBV2,SEL1L
Q01105,SET
Q9Y2Z0,SUGT1
A6NN40,SHROOM1
Q8TF72,SHROOM3
P18583,SON
Q9UK61,TASOR
Q92734,TFG
Q8WUY1,THEM6
A0A0A6YYA0,TMED7-TICAM2
F1T0I1,SEC16A
F5H365,SEC23A
Q15437,SEC23B
O95487,SEC24B
G5EA31,SEC24C
D6REX3,SEC31A
B4DR61,SEC61A1
P60468,SEC61B
P60059,SEC61G
A0A1W2PNX8,UNC45A
B9EGQ5,WIZ
Q96EC8,YIPF6
O60232,ZNRD2
A0A087WVW4,TGM5
O43548,TGM5
Q08188,TGM3
P22735,TGM1
P22061,PCMT1
H3BS02,BCKDK
H0Y6Z7,PTPRF
Q04941,PLP2
P00734,F2
B8ZZQ6,PTMA
Q9Y5F0,PCDHB13
H0YEH2,PUM1
Q15397,PUM3
P00491,PNP
A6NMK7,CPSF4L
A0A087X1C5,CYP2D7
O43824,GTPBP6
Q58FF8,HSP90AB2P
Q6DN03,H2BC20P
P01893,HLA-H
M0QYD4,ASPDH
Q5T280,SPOUT1
K7EK70,GLYR1
Q49A26,GLYR1
Q8NHP8,PLBD2
A2A3N6,PIPSL
Q9NQ29,LUC7L
Q9Y383,LUC7L2
A0A1B0GTR4,SPRR5
Q8NCQ3,LINC00301
F2Z2Y4,PDXK
O94903,PLPBP
P32322,PYCR1
Q96C36,PYCR2
Q53H96,PYCR3
P11498,PC
P29803,PDHA2
P11177,PDHB
O00330,PDHX
P30613,PKLR
P14618,PKM
Q08257,CRYZ
P50395,GDI2
Q9Y3P9,RABGAP1
Q6WKZ4,RAB11FIP1
A0A1B0GTL5,RAB11FIP5
A0A2R8Y566,RELCH
Q15042,RAB3GAP1
Q9H2M9,RAB3GAP2
Q5HYI8,RABL3
Q9H0H5,RACGAP1
A0A2R8Y5S7,RDX
P04049,RAF1
P46060,RANGAP1
Q6VN20,RANBP10
P43487,RANBP1
P52306,RAP1GDS1
Q13283,G3BP1
Q9UN86,G3BP2
P46940,IQGAP1
Q15404,RSU1
Q96PV0,SYNGAP1
P60763,RAC3
P61026,RAB10
P62491,RAB11A
Q6IQ22,RAB12
P51153,RAB13
P61106,RAB14
Q9NP72,RAB18
P62820,RAB1A
Q9H0U4,RAB1B
Q9UL25,RAB21
P57735,RAB25
O00194,RAB27B
P61019,RAB2A
Q13637,RAB32
F5H157,RAB35
O95716,RAB3D
P20339,RAB5A
P61020,RAB5B
P51148,RAB5C
P20340,RAB6A
P51149,RAB7A
P61006,RAB8A
P11233,RALA
P61224,RAP1B
F6U784,RAP2A
P62070,RRAS2
P63244,RACK1
Q15262,PTPRK
Q15493,RGN
Q96P16,RPRD1A
Q5VT52,RPRD2
P18754,RCC1
Q96TC7,RMDN3
K7ENL9,RMC1
Q92900,UPF1
Q8WUF5,PPP1R13L
Q96T23,RSF1
P35251,RFC1
P35250,RFC2
P40938,RFC3
P35249,RFC4
P40937,RFC5
Q5TEJ7,RPA2
P27694,RPA1
A0A2R8Y4J4,RMND1
Q15293,RCN1
Q14257,RCN2
Q96D15,RCN3
O95197,RTN3
Q9NQC3,RTN4
P00352,ALDH1A1
Q8TA86,RP9
Q15291,RBBP5
Q96NR8,RDH12
K7EMY5,RDH13
Q17RB0,RTL8B
A0A087WXK2,PEG10
Q53RT3,ASPRV1
P52565,ARHGDIA
H0YGX7,ARHGDIB
Q07960,ARHGAP1
Q5T5U3,ARHGAP21
A7KAX9,ARHGAP32
Q13017,ARHGAP5
Q92888,ARHGEF1
M0QZS0,ARHGEF18
P62745,RHOB
Q5JR08,RHOC
P84095,RHOG
Q9NRR4,DROSHA
Q9H1E1,RNASE7
P13489,RNH1
Q5VU11,RPP30
Q99575,POP1
A0A087WZ13,RAVER1
D6RCB9,NHP2
B1ALA9,PRPS1
A0A087WWE7,RBIS
Q9Y4W2,LAS1L
O76021,RSL1D1
Q9H6W3,RIOX1
Q9BQC6,MRPL57
Q15418,RPS6KA1
P56182,RRP1
Q14684,RRP1B
Q92979,EMG1
A3KFL1,EXOSC2
Q9Y3A4,RRP7A
E9PPY3,RRP8
A0A669KAX9,4 SV
Q14692,BMS1
Q14137,BOP1
Q8TDN6,BRIX1
O95478,NSA2
Q9GZL7,WDR12
Q15050,RRS1
Q9H7B2,RPF2
Q9P2E9,RRBP1
Q9Y2P8,RCL1
J3KPD3,RBM7
Q96E39,RBMXL1
O43251,RBFOX2
Q9H0A0,NAT10
Q08J23,NSUN2
Q6P6C2,ALKBH5
O60306,AQR
A0A0C4DG89,DDX46
A2A376,DDX58
H7BXY3,DHX30
E7EQG2,EIF4A2
Q8N7H5,PAF1
Q8WVC0,LEO1
Q92541,RTF1
Q9Y224,RTRAF
F5H0R1,TUT1
P38159,RBMX
A0A1W2PP04,RBMX2
F6Y5H0,RBMS1
Q15434,RBMS2
P98175,RBM10
B9ZVT1,RBM12B
Q96PK6,RBM14
A0A499FJY3,RBM15
P49756,RBM25
Q9NW13,RBM28
P98179,RBM3
Q96EV2,RBM33
P42696,RBM34
Q14498,RBM39
Q9BWF3,RBM4
Q9BTD8,RBM42
A0AV96,RBM47
E9PGM9,RBM6
Q9Y5S9,RBM8A
B0QYK0,EWSR1
P35637,FUS
Q86XN8,MEX3D
O43347,MSI1
B4DHE8,MSI2
Q9ULX3,NOB1
Q9NRX1,PNO1
Q9UKM9,RALY
Q6ZRY4,RBPMS2
H3BMM9,RNPS1
Q9Y3I0,RTCB
P22087,FBL
I3L0T6,MRM3
Q9Y324,FCF1
Q5JTH9,RRP12
Q9Y3B9,RRP15
Q9Y265,RUVBL1
Q9Y230,RUVBL2
Q8NBX0,SCCPDH
O43865,AHCYL1
Q00266,MAT1A
P31153,MAT2A
Q9NWH9,SLTM
P82979,SARNP
P16615,ATP2A2
A0A0A0MT55,SARDH
Q15424,SAFB
Q14151,SAFB2
Q68D06,SLFN13
Q08AF3,SLFN5
O95171,SCEL
Q6P3W7,SCYL2
Q8WVM8,SCFD1
B3KRD8,SEC14L2
P0DP57,SLURP2
P55000,SLURP1
O95968,SCGB1D1
O95969,SCGB1D2
O15126,SCAMP1
O15127,SCAMP2
O14828,SCAMP3
Q969E2,SCAMP4
P57772,EEFSEC
Q14563,SEMA3A
P04279,SEMG1
Q02383,SEMG2
Q9H4L4,SENP3
D6RER5,SEPTIN11
Q15019,SEPTIN2
Q16181,SEPTIN7
A0A087X142,SEPTIN8
Q9UHD8,SEPTIN9
Q13501,SQSTM1
P34896,SHMT1
P34897,SHMT2
O15269,SPTLC1
O15270,SPTLC2
Q8IYP2,PRSS58
O43464,HTRA2
Q8IYB3,SRRM1
Q9UQ35,SRRM2
J3KTL2,SRSF1
O75494,SRSF10
J3KP15,SRSF2
P84103,SRSF3
Q13243,SRSF5
Q16629,SRSF7
Q13242,SRSF9
Q5T760,SRSF11
A0A0D9SEM4,SRSF4
Q9Y6E0,STK24
Q5VT25,CDC42BPA
P42345,MTOR
Q16513,PKN2
O96013,PAK4
I3L387,PLK1
Q13523,PRPF4B
Q99986,VRK1
H0YDU8,PPP5C
Q96QC0,PPP1R10
P63151,PPP2R2A
P30153,PPP2R1A
F6WIT2,PTPA
P67775,PPP2CA
Q8TF05,PPP4R1
O00743,PPP6C
B4DIW9,ANKRD28
Q96HS1,PGAM5
P62136,PPP1CA
P62140,PPP1CB
P36873,PPP1CC
Q13315,ATM
Q9Y3F4,STRAP
P02787,TF
Q8IW75,SERPINA12
Q96P63,SERPINB12
Q9UIV8,SERPINB13
P29508,SERPINB3
P48594,SERPINB4
P36952,SERPINB5
P35237,SERPINB6
O75635,SERPINB7
P50452,SERPINB8
P50454,SERPINH1
Q9BXP5,SRRT
P02743,APCS
Q5T5C7,SARS1
Q9UBL3,ASH2L
U3KQT1,ESD
Q9BRG2,SH2D3A
F5GXU7,SH2B1
Q5T123,SH3BGRL3
M0R2P6,SHKBP1
Q8NEX9,SDR9C7
Q9NR45,NANS
A6NMB1,SIGLEC16
Q9Y3R4,NEU2
Q5T5P0,KIAA1217
Q5T5P2,KIAA1217
Q9H9B4,SFXN1
Q99720,SIGMAR1
H0YNG3,SEC11A
Q9Y6A9,SPCS1
P61009,SPCS3
P37108,SRP14
P09132,SRP19
P61011,SRP54
P49458,SRP9
P08240,SRPRA
Q9Y5M8,SRPRB
Q9UHB9,SRP68
O76094,SRP72
C9J3L8,SSR1
C9JA28,SSR3
P42224,STAT1
P40763,STAT3
O43166,SIPA1L1
Q04837,SSBP1
Q29RF7,PDS5A
A9IYQ1,PDS5B
Q5T750,XP32
C9JD09,SLAIN1
Q96HU1,SGSM3
P62304,SNRPE
P62306,SNRPF
Q49AN9,SNRPG
P62314,SNRPD1
P62316,SNRPD2
P62318,SNRPD3
P14678,SNRPB
P35326,SPRR2A
P22532,SPRR2D
Q96RM1,SPRR2F
Q9BYE4,SPRR2G
B1AN48,SPRR3
O75691,UTP20
P61956,SUMO2
Q13573,SNW1
Q9UN76,SLC6A14
P05023,ATP1A1
P05026,ATP1B1
P54709,ATP1B3
A0A0U1RR18,SLC12A7
P11166,SLC2A1
H7BXN9,SLC22A8
X6R3N0,SLC27A3
Q96K37,SLC35E1
Q8IXU6,SLC35F2
Q8N357,SLC35F6
Q9NQZ2,UTP3
C9JDX2,SORBS2
O94875,SORBS2
Q00796,SORD
P30626,SRI
Q99523,SORT1
Q9Y512,SAMM50
O60749,SNX2
A0A494C0S0,SNX25
Q9UNH7,SNX6
Q9Y5X1,SNX9
Q96JI7,SPG11
Q9BW04,SARG
P02549,SPTA1
Q13813,SPTAN1
Q01082,SPTBN1
O15020,SPTBN2
Q96SI9,STRBP
Q9BVQ7,SPATA5L1
Q9P0W8,SPATA7
Q86XZ4,SPATS2
P19623,SRM
Q9NY59,SMPD3
C9J647,SMPD4
Q9NXE4,SMPD4
O95470,SGPL1
Q9Y657,SPIN1
Q13838,DDX39B
Q9P013,CWC15
H7BZT1,SF1
Q15637,SF1
Q15459,SF3A1
Q15428,SF3A2
Q12874,SF3A3
O75533,SF3B1
Q13435,SF3B2
Q15393,SF3B3
Q15427,SF3B4
Q9Y3B4,SF3B6
Q96I25,RBM17
Q01081,U2AF1
P26368,U2AF2
P23246,SFPQ
Q15020,SART3
Q9GZT3,SLIRP
Q14247,CTTN
O95104,SCAF4
H3BLV9,SRPK1
C9JWF7,SRPK2
Q7KZF4,SND1
Q96DR4,STARD4
Q9NSY2,STARD5
Q9P2P6,STARD9
Q86SK9,SCD5
C9JKF1,SAMD9
P35610,SOAT1
C9JDR0,NSDHL
Q9UJZ1,STOML2
Q9P2F5,STOX2
P38646,HSPA9
P31948,STIP1
Q9HCN8,SDF2L1
Q8IYB5,SMAP1
Q8WU79,SMAP2
J3KTL8,SMCHD1
Q14683,SMC1A
O95347,SMC2
Q9UQE7,SMC3
Q9NTJ3,SMC4
P21912,SDHB
P53597,SUCLG1
A0A2R8Y6Y7,SUCLA2
Q96I99,SUCLG2
P55809,OXCT1
O00391,QSOX1
Q9Y6N5,SQOR
P50225,SULT1A1
O00204,SULT2B1
H0Y742,SUN1
Q9UH99,SUN2
F5GYZ5,SOD2
P00441,SOD1
Q86UD0,SAPCD2
Q9Y5Y6,ST14
Q6UWP8,SBSN
O15260,SURF4
O75683,SURF6
M0R3F6,SUGP2
O75940,SMNDC1
Q92922,SMARCC1
Q8TAQ2,SMARCC2
O60264,SMARCA5
A0A2R8Y855,SMARCE1
Q92797,SYMPK
A8MQB8,FMR1
Q99536,VAT1
O43760,SYNGR2
P57105,SYNJ2BP
A0A0U1RQT9,SYPL1
O00161,SNAP23
Q9H7C4,SYNC
O60499,STX10
Q86Y82,STX12
Q9P2W9,STX18
Q12846,STX4
Q13190,STX5
O15400,STX7
Q9UNK0,STX8
O00560,SDCBP
Q9H190,SDCBP2
A0A075B6Z2,TRAJ56
Q9Y490,TLN1
A0A0G2JH37,TAPBP
Q13148,TARDBP
Q96GM8,TOE1
O60784,TOM1
Q9BPZ7,MAPKAP1
Q92804,TAF15
Q92609,TBC1D5
P17987,TCP1
P78371,CCT2
P50991,CCT4
P48643,CCT5
Q99832,CCT7
P49368,CCT3
P50990,CCT8
P40227,CCT6A
Q92526,CCT6B
F8VRQ3,TCP11L2
K7ERU7,TRIR
Q15554,TERF2
Q9NYB0,TERF2IP
Q9UGI8,TES
Q9NXF1,TEX10
K4DIA7,CD151
E9PRJ8,CD81
Q8NBP0,TTC13
A0A494C0N4,TTC21B
Q5VTQ0,TTC39B
Q86TV6,TTC7B
Q7Z6K1,THAP5
I3L0K2,TXNDC17
Q8NBS9,TXNDC5
P10599,TXN
P30048,PRDX3
F8W809,TXNRD1
K7ER96,TXNL1
Q9H3N1,TMX1
Q9Y320,TMX2
Q16762,TST
Q96FV9,THOC1
F2Z2V2,THOC2
D6RGZ2,THOC3
Q86V81,ALYREF
Q13769,THOC5
Q86W42,THOC6
Q9BQ50,TREX2
C9J052,TREX1
P26639,TARS1
Q9BW92,TARS2
P19971,TYMP
P23919,DTYMK
Q9P016,THYN1
O94900,TOX
P62328,TMSB4X
Q9Y2W1,THRAP3
Q15654,TRIP6
Q9P031,CCDC59
G3V1L9,TJP1
G5E9E7,TJP1
A0A3B3IRI3,TJP2
O95049,TJP3
Q13114,TRAF3
Q9H0E2,TOLLIP
O14656,TOR1A
A0A0A0MSK5,TOR1AIP1
A6NNK5,TP53BP1
J3KPT4,TRABD
P48553,TRAPPC10
O43617,TRAPPC3
Q96Q05,TRAPPC9
P37837,TALDO1
P20061,TCN1
A0A1W2PPZ5,TCEA1
O00267,SUPT5H
Q7KZ85,SUPT6H
O14776,TCERG1
Q9BQ70,TCF25
Q00059,TFAM
P20290,BTF3
Q9H6I2,SOX17
H0Y7L6,SP3
P29084,GTF2E2
O00268,TAF4
Q13263,TRIM28
Q9UNY4,TTF2
Q00577,PURA
Q96QR8,PURB
Q86TJ2,TADA2B
A0A2R8Y595,CTCF
Q86YP4,GATAD2A
Q8WXI9,GATAD2B
H0YJV7,YY1
Q9Y4P3,TBL2
Q12788,TBL3
P02786,TFRC
F2Z2U4,TRRAP
Q13595,TRA2A
P62995,TRA2B
P61586,RHOA
H0YCU9,TAGLN
P37802,TAGLN2
Q8TD43,TRPM4
P55072,VCP
P29401,TKT
Q8N442,GUF1
P49770,EIF2B2
E7ERK9,EIF2B4
Q13144,EIF2B5
Q9NR50,EIF2B3
H0Y9X1,TMA16
Q9Y2S6,TMA7
Q5W0H4,TPT1
Q99598,TSNAX
Q15629,TRAM1
F8WCJ7,SEC62
A6PVC9,SEC63
P30536,TSPO
P51571,SSR4
Q5TB53,TM9SF3
P49755,TMED10
Q15363,TMED2
Q9Y3Q3,TMED3
Q7Z7H5,TMED4
Q9Y3A6,TMED5
Q9BVK6,TMED9
A0A3B3ISS6,GPNMB
Q9NUM4,TMEM106B
Q9BVC6,TMEM109
A0A024R4K9,TMEM120A
Q14DG7,TMEM132B
Q9P0S9,TMEM14C
K7EQ34,TMEM161A
K7EM09,TMEM205
Q96SK2,TMEM209
Q9H330,TMEM245
D6RAA6,TMEM33
Q8WWA1,TMEM40
Q96HV5,TMEM41A
Q5BJD5,TMEM41B
Q9BTV4,TMEM43
Q5T7P6,TMEM78
C9JPV1,SLC6A6
E9PD72,SLC6A19
Q92973,TNPO1
E9PFH4,TNPO3
A0A087WV45,TTR
A0A6I8PRA0,TCOF1
E7ETY2,TCOF1
P53007,SLC25A1
P55084,HADHB
P22102,GART
Q9NVV0,TMEM38B
Q8NDV7,TNRC6A
H0Y720,TNRC6B
P60174,TPI1
A0A0J9YX34,TRIM2
Q12899,TRIM26
Q14134,TRIM29
O14773,TPP1
Q7Z2T5,TRMT1L
Q9UJA5,TRMT6
Q7L0Y3,TRMT10C
Q9NYL9,TMOD3
A0A494BZZ2,TPM1
J3KN67,TPM3
A0A087WWU8,TPM3
A0A2R8YHD2,TPM4
A0A2R8Y5V9,TPM4
E7EQ64,PRSS1
P35030,PRSS3
P23381,WARS1
C9J2C0,TUBA8
F5H5D3,TUBA1C
Q71U36,TUBA1A
P68366,TUBA4A
Q5JP53,TUBB
P07437,TUBB
Q13885,TUBB2A
Q13509,TUBB3
P68371,TUBB4B
Q9BUF5,TUBB6
P23258,TUBG1
A0A2R8Y5H6,TBCE
Q14166,TTLL12
O95379,TNFAIP8
Q6ZUI0,TPRG1
P09758,TACSTD2
Q12792,TWF1
Q6RW13,AGTRAP
Q9UIG0,BAZ1B
P07948,LYN
J3QRU1,YES1
C9J5X1,IGF1R
B4DSN5,PTPN1
H0YHS6,YARS2
P54577,YARS1
P08621,SNRNP70
P09012,SNRPA
P09661,SNRPA1
P08579,SNRPB2
O15042,U2SURP
Q9NV31,IMP3
H0Y714,IMP4
O00566,MPHOSPH10
Q9BVJ6,UTP14A
Q8TED0,UTP15
Q9Y5J1,UTP18
A0A0J9YWM9,UTP4
Q9NYH9,UTP6
O43818,RRP9
O43395,PRPF3
Q8WWY3,PRPF31
O43172,PRPF4
O43290,SART1
Q53GS9,USP39
O75643,SNRNP200
Q96DI7,SNRNP40
Q9Y333,LSM2
V9GZ56,LSM4
P62312,LSM6
F2Z2Y6,LSM8
Q96QD9,FYTTD1
Q9UMX0,UBQLN1
Q14694,USP10
P54578,USP14
P45974,USP5
Q93009,USP7
P09936,UCHL1
A0A087WTB8,UCHL3
A0A075B784,USP36
Q92890,UFD1
J3KR44,OTUB1
Q5VVQ6,YOD1
Q9UGI0,ZRANB1
P62979,RPS27A
Q5T6F2,UBAP2
Q14157,UBAP2L
H9KV45,UBE2D3
P61086,UBE2K
P68036,UBE2L3
P61088,UBE2N
E9PHD0,UBE2Q2
Q13404,UBE2V1
P22314,UBA1
A0A096LNZ9,ISG15
Q9NT62,ATG3
Q04323,UBXN1
Q92575,UBXN4
O60701,UGDH
Q9NYU2,UGGT1
O75795,UGT2B17
Q3KQV9,UAP1L1
P30085,CMPK1
A0A590UK80,3 SV
E9PRG8,C11orf98
A0A1X7SBZ7,C12orf74
J3QS80,C19orf47
Q9BRJ6,C7orf50
Q8TB03,CXorf38
Q8IYS2,KIAA2013
U3KPZ7,1 SV
A0A3B3ITX4,3 SV
A0A494C071,3 SV
A0A0A0MRM8,MYO6
E9PDF6,MYO1B
O00159,MYO1C
J3KRL0,MYO1D
Q12965,MYO1E
M0R0P8,MYO9B
Q9NQX4,MYO5C
Q92614,MYO18A
P11172,UMPS
Q16831,UPP1
E7EUC7,UGP2
P46939,UTRN
P54727,RAD23B
P86790,CCZ1B
E7EW32,MON1B
Q5THJ4,VPS13D
Q9P253,VPS18
O75436,VPS26A
A0A1W2PP10,VPS35
Q96QK1,VPS35
O75351,VPS4B
Q8N1B4,VPS52
Q5VIR6,VPS53
P26640,VARS1
A0A0G2JL52,VARS2
K7EQD0,VASP
P49748,ACADVL
Q6Y1H2,HACD2
Q9P035,HACD3
Q53GQ0,HSD17B12
Q9NZ01,TECR
Q96AJ9,VTI1A
Q9UEU0,VTI1B
Q15836,VAMP3
O95183,VAMP5
Q9BV40,VAMP8
Q9P0L0,VAPA
O95292,VAPB
P46459,NSF
Q96IW7,SEC22A
O75396,SEC22B
Q12907,LMAN2
Q00341,HDLBP
P08670,VIM
P18206,VCL
P38435,GGCX
P04004,VTN
P21796,VDAC1
P45880,VDAC2
Q9Y277,VDAC3
E7ERK3,CACNA2D1
Q13303,KCNAB2
Q7L1W4,LRRC8D
P27449,ATP6V0C
P38606,ATP6V1A
E9PNA6,TCIRG1
B7Z2A9,ATP6V0A1
P21281,ATP6V1B2
Q8NEY4,ATP6V1C2
C9J8H1,ATP6V1E1
Q16864,ATP6V1F
Q9UI12,ATP6V1H
F5GYQ1,ATP6V0D1
Q15904,ATP6AP1
Q8TF30,WHAMM
C9JYB3,WDHD1
O75083,WDR1
Q9BZH6,WDR11
Q9H1Z4,WDR13
Q9BV38,WDR18
A0A499FIZ0,WDR26
Q9UNX4,WDR3
A0A0A0MTB8,WDR36
Q15061,WDR43
A0A140T9L0,WDR46
O15213,WDR46
P61964,WDR5
Q9GZS3,WDR61
Q6RFH5,WDR74
Q8IWA0,WDR75
Q6UXN9,WDR82
A4D1P6,WDR91
Q96MX6,WDR92
Q2TAY7,SMU1
Q9Y6W5,WASF2
A0A669KAX3,WFS1
Q9Y2W2,WBP11
Q9NQH7,XPNPEP3
P12955,PEPD
Q9UBH6,XPR1
Q702N8,XIRP1
P13010,XRCC5
P12956,XRCC6
P67809,YBX1
Q9Y2T7,YBX2
P16989,YBX3
P49750,YLPM1
Q9BYJ9,YTHDF1
Q9Y5A9,YTHDF2
Q7Z739,YTHDF3
J3QR07,YTHDC1
E9PQ61,ZC3H11A
Q5T200,ZC3H13
H0YJA2,ZC3H14
Q8WU90,ZC3H15
Q86VM9,ZC3H18
M0QY97,ZC3H4
Q8IWR0,ZC3H7A
Q7Z2W4,ZC3HAV1
Q96NC0,ZMAT2
O15231,ZNF185
Q8ND82,ZNF280C
B7Z4N4,ZNF346
A0A1W2PNT4,ZNF410
Q96ME7,ZNF512
A0A0C4DFR4,ZNF529
Q9UEG4,ZNF629
Q14966,ZNF638
Q9H0M5,ZNF700
Q9H7S9,ZNF703
Q6DD87,ZNF787
O95218,ZRANB2
Q96KR1,ZFR
Q6PML9,SLC30A9
Q92504,SLC39A7
Q13433,SLC39A6
P25311,AZGP1
A0A0C4DGN4,ZG16B
