Accession,gene
P35579,MYH9
P07900,HSP90AA1
P21333,FLNA
P78527,PRKDC
P49327,FASN
P10809,HSPD1
P08238,HSP90AB1
P42704,LRPPRC
P63261,ACTG1
P60709,ACTB
Q14204,DYNC1H1
P11021,HSPA5
P38646,HSPA9
P11142,HSPA8
P13639,EEF2
P07437,TUBB
P04406,GAPDH
Q08211,DHX9
P14625,HSP90B1
P06576,ATP5F1B
P68371,TUBB4B
P14618,PKM
P02545,LMNA
P29401,TKT
P06733,ENO1
P09874,PARP1
P05787,KRT8
P22314,UBA1
Q5JP53,TUBB
A0A087WVQ6,CLTC
P68104,EEF1A1
P04083,ANXA1
Q12906,ILF3
Q14697,GANAB
P22626,HNRNPA2B1
P07237,P4HB
Q3BDU5,LMNA
P07355,ANXA2
P04350,TUBB4A
Q9Y4L1,HYOU1
Q09666,AHNAK
Q00839,HNRNPU
P13667,PDIA4
P30101,PDIA3
P05783,KRT18
A0A0G2JIW1,HSPA1B
P27797,CALR
P61978,HNRNPK
P52272,HNRNPM
Q13509,TUBB3
F8W6I7,HNRNPA1
P04075,ALDOA
Q71U36,TUBA1A
P20700,LMNB1
P25705,ATP5F1A
E9PKU7,GANAB
P14866,HNRNPL
P58107,EPPK1
O75643,SNRNP200
P06748,NPM1
A8MXP9,MATR3
Q6P2Q9,PRPF8
O75533,SF3B1
P68366,TUBA4A
F5H5D3,TUBA1C
O43707,ACTN4
P48643,CCT5
Q13263,TRIM28
A0A087WV01,EEF1A1
P08727,KRT19
P00558,PGK1
P26599,PTBP1
P49411,TUFM
P55072,VCP
P34932,HSPA4
P49748,ACADVL
P07814,EPRS1
P62805,H4C1
P12956,XRCC6
P78371,CCT2
P19338,NCL
Q12931,TRAP1
P34897,SHMT2
P00338,LDHA
Q5T6W2,HNRNPK
P49321,NASP
P60174,TPI1
P09936,UCHL1
P50991,CCT4
Q32P51,HNRNPA1L2
P31948,STIP1
P06744,GPI
P04844,RPN2
P26038,MSN
P46940,IQGAP1
H0YFD6,HADHA
Q99832,CCT7
Q15029,EFTUD2
P23246,SFPQ
P17987,TCP1
P51991,HNRNPA3
Q92598,HSPH1
F5GZS6,SLC3A2
P68032,ACTC1
B4DY09,ILF2
K7EKE6,LONP1
P60842,EIF4A1
P13010,XRCC5
P04181,OAT
P08729,KRT7
P15924,DSP
P07195,LDHB
P68133,ACTA1
Q16891,IMMT
Q15233,NONO
P40227,CCT6A
P15311,EZR
Q9NR30,DDX21
P49368,CCT3
Q13435,SF3B2
P36578,RPL4
P50990,CCT8
Q15084,PDIA6
P27824,CANX
P63104,YWHAZ
P62258,YWHAE
A2A274,ACO2
Q16777,H2AC20
Q9NYU2,UGGT1
P09429,HMGB1
P12268,IMPDH2
P31943,HNRNPH1
P67809,YBX1
P08758,ANXA5
Q8TEM1,NUP210
Q07065,CKAP4
O43143,DHX15
P52597,HNRNPF
Q15365,PCBP1
Q14980,NUMA1
Q92945,KHSRP
Q9Y2X3,NOP58
P12270,TPR
Q06830,PRDX1
P35232,PHB
O43175,PHGDH
Q13200,PSMD2
J3KTA4,DDX5
P63241,EIF5A
P31939,ATIC
P04843,RPN1
P21796,VDAC1
Q15393,SF3B3
Q86VP6,CAND1
Q14974,KPNB1
A0A087WWU8,TPM3
P33991,MCM4
P07954,FH
P26368,U2AF2
P55060,CSE1L
P18669,PGAM1
P40926,MDH2
P50395,GDI2
P09211,GSTP1
P30153,PPP2R1A
Q9UMS4,PRPF19
P13645,KRT10
P26641,EEF1G
P11586,MTHFD1
Q99714,HSD17B10
Q9BQG0,MYBBP1A
O75367,MACROH2A1
Q7L7L0,H2AW
P31947,SFN
Q13838,DDX39B
P50454,SERPINH1
P42167,TMPO
P41250,GARS1
Q15459,SF3A1
Q9Y490,TLN1
Q9P2E9,RRBP1
Q9BSJ8,ESYT1
P11940,PABPC1
P39023,RPL3
P27695,APEX1
Q92841,DDX17
P48735,IDH2
P25205,MCM3
P12814,ACTN1
M0QZM1,HNRNPM
O75390,CS
Q9NSE4,IARS2
P62701,RPS4X
H0YH80,HNRNPA1
P10412,H1-4
P23396,RPS3
Q92616,GCN1
P42166,TMPO
A0A2U3TZM0,CHD4
P30084,ECHS1
P62937,PPIA
P08133,ANXA6
P63244,RACK1
P22234,PAICS
P23368,ME2
Q9Y5B9,SUPT16H
P23528,CFL1
P08670,VIM
P37802,TAGLN2
P07737,PFN1
P16104,H2AX
P00390,GSR
P00505,GOT2
Q07021,C1QBP
P24752,ACAT1
O43390,HNRNPR
Q99623,PHB2
P04264,KRT1
P32119,PRDX2
Q9UQ80,PA2G4
P23284,PPIB
P33993,MCM7
P38919,EIF4A3
P16403,H1-2
A0A0A0MR02,VDAC2
P12236,SLC25A6
Q02878,RPL6
P18124,RPL7
O00571,DDX3X
O00567,NOP56
Q9UJZ1,STOML2
P27348,YWHAQ
Q8NBS9,TXNDC5
P13804,ETFA
P16401,H1-5
P54886,ALDH18A1
Q15366,PCBP2
Q9BUF5,TUBB6
Q9HB71,CACYBP
P05023,ATP1A1
P05387,RPLP2
P05388,RPLP0
Q9UJS0,SLC25A13
Q99497,PARK7
P09622,DLD
P07099,EPHX1
A0A0A0MSZ4,FDXR
P61247,RPS3A
P53396,ACLY
B4DY08,HNRNPC
Q03252,LMNB2
Q01518,CAP1
Q32Q12,NME1-NME2
P49736,MCM2
Q9Y265,RUVBL1
A0A0J9YXX5,PUF60
P22695,UQCRC2
A0A0J9YYL3,PUF60
P39656,DDOST
P26640,VARS1
P54652,HSPA2
Q8IUE6,H2AC21
P35580,MYH10
P55265,ADAR
P31946,YWHAB
P55795,HNRNPH2
P16402,H1-3
O76021,RSL1D1
H0Y8G5,HNRNPD
P04792,HSPB1
P12004,PCNA
Q7KZF4,SND1
P30041,PRDX6
O60506,SYNCRIP
Q15717,ELAVL1
P27816,MAP4
P51659,HSD17B4
P08865,RPSA
P05455,SSB
P80723,BASP1
O75874,IDH1
Q09028,RBBP4
Q13724,MOGS
P00441,SOD1
P35637,FUS
Q9Y277,VDAC3
Q14566,MCM6
P34931,HSPA1L
Q02790,FKBP4
P52209,PGD
A0A2R8Y5S7,RDX
O95202,LETM1
P05141,SLC25A5
Q07666,KHDRBS1
P35908,KRT2
P45974,USP5
P62841,RPS15
J3KRX5,RPL17
P31040,SDHA
P62424,RPL7A
P62979,RPS27A
A0A1B0GVD5,CTSD
P09382,LGALS1
Q16836,HADH
P47712,PLA2G4A
P29692,EEF1D
Q86V81,ALYREF
Q9H0U4,RAB1B
P49915,GMPS
A0A2R8Y7Z0,CTNNB1
P22087,FBL
P49588,AARS1
P07910,HNRNPC
Q9Y230,RUVBL2
Q562R1,ACTBL2
P05091,ALDH2
P54578,USP14
P32969,RPL9
P62906,RPL10A
Q16531,DDB1
O60701,UGDH
P61981,YWHAG
P23526,AHCY
P30044,PRDX5
A0A2R8Y6J3,RPL5
Q93009,USP7
P12235,SLC25A4
P22102,GART
Q6DD88,ATL3
Q13310,PABPC4
P67936,TPM4
P18754,RCC1
O00148,DDX39A
P09104,ENO2
Q15181,PPA1
Q71DI3,H3C15
M0R0F0,RPS5
Q16576,RBBP7
P43686,PSMC4
P52292,KPNA2
Q96AE4,FUBP1
P30086,PEBP1
O00299,CLIC1
J3KN67,TPM3
B5MDF5,RAN
P0DP25,CALM3
Q01813,PFKP
P15880,RPS2
Q71UI9,H2AZ2
Q13813,SPTAN1
P41091,EIF2S3
P32322,PYCR1
Q92499,DDX1
P55209,NAP1L1
K7ELL7,PRKCSH
Q5QNW6,H2BC18
P62136,PPP1CA
Q08945,SSRP1
Q13011,ECH1
P33992,MCM5
P61204,ARF3
P30048,PRDX3
P62081,RPS7
R4GNH3,PSMC3
B4DLN1,2 SV
Q9UHD8,SEPTIN9
Q14498,RBM39
P31930,UQCRC1
P13489,RNH1
P39748,FEN1
Q8N163,CCAR2
P46087,NOP2
Q9Y266,NUDC
Q96AG4,LRRC59
Q6NUK1,SLC25A24
P11388,TOP2A
Q9H0A0,NAT10
O96008,TOMM40
O75083,WDR1
Q05639,EEF1A2
O95831,AIFM1
P62140,PPP1CB
P51858,HDGF
P48047,ATP5PO
Q14152,EIF3A
P35527,KRT9
Q92804,TAF15
Q5JPE7,NOMO2
P63220,RPS21
O60664,PLIN3
A0A0A0MRM9,NOLC1
Q8WUM4,PDCD6IP
P15531,NME1
P62241,RPS8
P46013,MKI67
O14818,PSMA7
Q9HDC9,APMAP
P11413,G6PD
P0CG38,POTEI
P16152,CBR1
P68431,H3C1
P41252,IARS1
H3BNC9,3 SV
P55084,HADHB
Q01105,SET
A0A2R8Y422,RPS27AP5
Q8N1F7,NUP93
Q96PK6,RBM14
P30043,BLVRB
Q8N257,H2BU1
P09661,SNRPA1
P09525,ANXA4
Q99536,VAT1
P15121,AKR1B1
Q9Y617,PSAT1
P49257,LMAN1
O75369,FLNB
O75947,ATP5PD
P28838,LAP3
P47897,QARS1
Q06323,PSME1
Q15424,SAFB
Q9BZZ5,API5
Q00341,HDLBP
Q9P258,RCC2
Q12874,SF3A3
P61158,ACTR3
P16989,YBX3
Q13423,NNT
F8W1R7,MYL6
P30040,ERP29
Q13283,G3BP1
O14980,XPO1
Q13148,TARDBP
Q9Y3I0,RTCB
P26358,DNMT1
Q9BUJ2,HNRNPUL1
Q9UMX0,UBQLN1
P05386,RPLP1
Q13162,PRDX4
Q13185,CBX3
P62917,RPL8
P24534,EEF1B2
O15067,PFAS
P40925,MDH1
Q8NFV4,ABHD11
P37837,TALDO1
O95373,IPO7
P31942,HNRNPH3
P18206,VCL
O43852,CALU
P54727,RAD23B
A0A2R8Y811,RPS14
Q16822,PCK2
P62277,RPS13
P04632,CAPNS1
P08574,CYC1
Q9Y6C9,MTCH2
P21281,ATP6V1B2
P50502,ST13
Q96P70,IPO9
Q5SSJ5,HP1BP3
Q9H2U2,PPA2
Q92688,ANP32B
O43242,PSMD3
Q00325,SLC25A3
P11387,TOP1
P49756,RBM25
Q58FF6,HSP90AB4P
J3KTL2,SRSF1
Q9Y2W1,THRAP3
P00387,CYB5R3
P09012,SNRPA
P43487,RANBP1
C9JZR2,CTNND1
P53621,COPA
P54577,YARS1
Q15637,SF1
P49419,ALDH7A1
Q8NC51,SERBP1
P49755,TMED10
P38159,RBMX
P62829,RPL23
E7EQV9,RPL15
O95757,HSPA4L
P16615,ATP2A2
P38606,ATP6V1A
P25786,PSMA1
P20618,PSMB1
Q15046,KARS1
O00625,PIR
P23381,WARS1
P45973,CBX5
Q16643,DBN1
Q12907,LMAN2
O94826,TOMM70
Q14240,EIF4A2
P36957,DLST
D6RBZ0,HNRNPAB
A0A087X1Z3,PSME2
P52815,MRPL12
P27635,RPL10
B4DR61,SEC61A1
P31150,GDI1
P61604,HSPE1
G8JLA2,MYL6
P28070,PSMB4
P43304,GPD2
O15042,U2SURP
P08621,SNRNP70
Q9P0L0,VAPA
P62820,RAB1A
P52907,CAPZA1
O00429,DNM1L
P26583,HMGB2
P14923,JUP
P10515,DLAT
P28074,PSMB5
P42285,MTREX
O75475,PSIP1
Q06210,GFPT1
P47756,CAPZB
P84243,H3-3A
P39687,ANP32A
P52565,ARHGDIA
P53618,COPB1
Q04760,GLO1
P30050,RPL12
P26196,DDX6
Q13501,SQSTM1
B0QYK0,EWSR1
P50402,EMD
B9A041,MDH1
P04040,CAT
E5RI99,RPL30
Q86UP2,KTN1
A6NKB8,RNPEP
P62280,RPS11
E9PLK3,NPEPPS
P51610,HCFC1
C9J7B5,EIF5A2
P25398,RPS12
B1AK88,CAPZB
P53597,SUCLG1
P60903,S100A10
P17174,GOT1
G3XAC6,RBM39
P09972,ALDOC
P25789,PSMA4
Q14151,SAFB2
O00410,IPO5
Q02978,SLC25A11
Q08J23,NSUN2
Q99733,NAP1L4
E7ETY2,TCOF1
O76003,GLRX3
P62753,RPS6
P55145,MANF
O00629,KPNA4
Q9HCC0,MCCC2
O75131,CPNE3
Q9H361,PABPC3
P20290,BTF3
Q29RF7,PDS5A
O94776,MTA2
Q13151,HNRNPA0
P83916,CBX1
P50995,ANXA11
O43809,NUDT21
P56537,EIF6
P62873,GNB1
F8WJN3,CPSF6
P49773,HINT1
Q9BXP5,SRRT
Q6NVY1,HIBCH
Q9Y3F4,STRAP
P60866,RPS20
Q8WXF1,PSPC1
F8W726,UBAP2L
P62314,SNRPD1
P36542,ATP5F1C
H7BZJ3,PDIA3
Q04837,SSBP1
P21964,COMT
Q9UKV3,ACIN1
Q16543,CDC37
P61353,RPL27
O14950,MYL12B
P15559,NQO1
Q96DI7,SNRNP40
Q14444,CAPRIN1
P16435,POR
O43681,GET3
Q96SI9,STRBP
Q92621,NUP205
Q96C36,PYCR2
Q96QK1,VPS35
Q02880,TOP2B
P51665,PSMD7
P17931,LGALS3
P82979,SARNP
Q9Y678,COPG1
O00303,EIF3F
B4DUT8,CNN2
P16949,STMN1
E9PL71,EEF1D
P46783,RPS10
P51648,ALDH3A2
P62191,PSMC1
Q92769,HDAC2
Q9ULV4,CORO1C
Q5T5C7,SARS1
O15371,EIF3D
P60900,PSMA6
Q9UQ35,SRRM2
Q15149,PLEC
H9KV28,DIAPH1
P28066,PSMA5
P51149,RAB7A
Q9UKM9,RALY
P50440,GATM
P38117,ETFB
Q9Y5S9,RBM8A
P35749,MYH11
O43684,BUB3
Q86UE4,MTDH
P62316,SNRPD2
P07858,CTSB
Q9GZT3,SLIRP
K7EJV9,RPL23A
O00505,KPNA3
P51148,RAB5C
P84098,RPL19
Q02218,OGDH
P17096,HMGA1
P19367,HK1
Q14165,MLEC
P60228,EIF3E
P26373,RPL13
E7EX73,EIF4G1
H0Y993,DEK
P62249,RPS16
Q9NVP1,DDX18
Q14683,SMC1A
P68036,UBE2L3
Q9BVP2,GNL3
P35998,PSMC2
P35613,BSG
P62269,RPS18
Q13547,HDAC1
O00231,PSMD11
P56192,MARS1
Q15008,PSMD6
P43246,MSH2
P61163,ACTR1A
Q5JTH9,RRP12
Q16401,PSMD5
Q53GQ0,HSD17B12
Q15019,SEPTIN2
Q5JRX3,PITRM1
Q9BXW7,HDHD5
P25787,PSMA2
Q9Y4W6,AFG3L2
Q9UN86,G3BP2
O94906,PRPF6
Q15050,RRS1
Q13347,EIF3I
P13995,MTHFD2
O60264,SMARCA5
A0A096LPI6,4 SV
Q15428,SF3A2
Q14257,RCN2
P49721,PSMB2
G3V203,RPL18
O00487,PSMD14
P54136,RARS1
Q15056,EIF4H
P49792,RANBP2
Q13409,DYNC1I2
O43776,NARS1
P07741,APRT
P55809,OXCT1
P15927,RPA2
O14979,HNRNPDL
P04179,SOD2
P18085,ARF4
O75431,MTX2
P39019,RPS19
Q10713,PMPCA
P61224,RAP1B
P53634,CTSC
Q5W0H4,TPT1
Q00796,SORD
O43837,IDH3B
P22307,SCP2
Q9H9B4,SFXN1
O95232,LUC7L3
A0A087WZ13,RAVER1
P51572,BCAP31
P42126,ECI1
P17858,PFKL
P07384,CAPN1
Q04917,YWHAH
P62244,RPS15A
Q9UNZ2,NSFL1C
Q9NVI7,ATAD3A
Q16658,FSCN1
Q5SX90,GDI2
A0A0C4DG89,DDX46
F8VRH0,PCBP2
P11177,PDHB
Q8TEX9,IPO4
P33240,CSTF2
Q9BVK6,TMED9
P61106,RAB14
Q9HAV7,GRPEL1
Q15293,RCN1
P46781,RPS9
E9PKG1,PRMT1
Q9UNM6,PSMD13
Q5T4U5,ACADM
Q14684,RRP1B
Q9NSD9,FARSB
O95573,ACSL3
U3KQT1,ESD
O75439,PMPCB
Q5URX0,HEXB
Q9UQE7,SMC3
F8W914,RTN4
A0A087X2I1,PSMC6
J3KS22,DCXR
Q9NPH2,ISYNA1
P63208,SKP1
O00425,IGF2BP3
Q9Y446,PKP3
C9JSZ1,FUBP1
A0A1W2PPZ5,TCEA1
P55884,EIF3B
P24539,ATP5PB
Q9UKX7,NUP50
P31949,S100A11
P06703,S100A6
Q86U42,PABPN1
P50213,IDH3A
O00764,PDXK
F8W809,TXNRD1
P14868,DARS1
Q9Y2T7,YBX2
P62995,TRA2B
Q8IY81,FTSJ3
Q14137,BOP1
Q99460,PSMD1
P00367,GLUD1
Q5T0R9,CAP1
P46060,RANGAP1
P04080,CSTB
Q01081,U2AF1
Q9H583,HEATR1
Q8NFQ8,TOR1AIP2
P49720,PSMB3
Q9NYF8,BCLAF1
Q96EP5,DAZAP1
P62318,SNRPD3
P62195,PSMC5
Q9H0S4,DDX47
Q7L2H7,EIF3M
P61019,RAB2A
O43396,TXNL1
Q15427,SF3B4
Q13573,SNW1
P46778,RPL21
O75347,TBCA
Q96I99,SUCLG2
P10599,TXN
P05198,EIF2S1
Q9Y262,EIF3L
P84103,SRSF3
Q15691,MAPRE1
Q9BZE4,GTPBP4
P20674,COX5A
Q96I24,FUBP3
Q8IYB3,SRRM1
A0A0C4DGB5,CAST
O43615,TIMM44
P84085,ARF5
P84090,ERH
P62266,RPS23
Q9UHB6,LIMA1
P02786,TFRC
Q9UHG3,PCYOX1
P33316,DUT
O14880,MGST3
Q9UKY7,CDV3
Q15397,PUM3
P42766,RPL35
P61026,RAB10
P09758,TACSTD2
Q9Y2B0,CNPY2
Q14318,FKBP8
Q9Y285,FARSA
B8ZZ54,HSPE1
O60763,USO1
Q96T88,UHRF1
P30049,ATP5F1D
Q5T9A4,ATAD3B
P14324,FDPS
P26639,TARS1
Q7Z406,MYH14
A0A087WYT3,PTGES3
P50225,SULT1A1
O60832,DKC1
Q99459,CDC5L
O60841,EIF5B
Q14247,CTTN
P27694,RPA1
P11766,ADH5
O14744,PRMT5
H3BMM9,RNPS1
Q99584,S100A13
Q9BWF3,RBM4
Q9NZM1,MYOF
O76094,SRP72
A0A1W2PQV2,GCSH
B5ME19,EIF3CL
O96019,ACTL6A
Q53GS9,USP39
P63172,DYNLT1
C9JFR7,CYCS
P42677,RPS27
Q01970,PLCB3
Q01650,SLC7A5
Q9BYG3,NIFK
A0A3B3IUA2,SNU13
A0A0A0MSK5,TOR1AIP1
Q8IZL8,PELP1
Q9UKD2,MRTO4
O75607,NPM3
Q9Y696,CLIC4
O00154,ACOT7
P60981,DSTN
P31689,DNAJA1
P47985,UQCRFS1
D6RER5,SEPTIN11
P78347,GTF2I
P25788,PSMA3
E7EU96,CSNK2A1
P08240,SRPRA
Q13867,BLMH
P60953,CDC42
O75396,SEC22B
S4R341,NOLC1
P23786,CPT2
P05556,ITGB1
Q15102,PAFAH1B3
Q16629,SRSF7
P49189,ALDH9A1
P61160,ACTR2
B0QZ18,CPNE1
P12955,PEPD
P22061,PCMT1
O95433,AHSA1
P35268,RPL22
Q92820,GGH
O15260,SURF4
Q9NVJ2,ARL8B
P30519,HMOX2
Q9NX58,LYAR
O60488,ACSL4
Q9Y2Q3,GSTK1
P50416,CPT1A
P00491,PNP
A0A2R8Y849,RPS24
A0A2R8YDT1,GLUL
J3KN16,ECPAS
Q9GZR7,DDX24
P16422,EPCAM
P13861,PRKAR2A
H0YHX9,NACA
Q96KP4,CNDP2
M0QXF9,BCAT2
O00422,SAP18
P31153,MAT2A
Q8TDD1,DDX54
P51571,SSR4
Q14011,CIRBP
B4DXZ6,FXR1
H3BUX2,CYB5B
P13073,COX4I1
P20073,ANXA7
M0R026,ILVBL
Q8TCJ2,STT3B
Q13155,AIMP2
P46926,GNPDA1
Q9BS26,ERP44
X6R700,CHTOP
O43237,DYNC1LI2
O14828,SCAMP3
P98179,RBM3
O00515,LAD1
Q9H0L4,CSTF2T
Q92879,CELF1
O95336,PGLS
A0A140TA86,MICOS13
F5GZ28,LIG1
P62913,RPL11
Q9P035,HACD3
Q9Y281,CFL2
Q7Z4V5,HDGFL2
Q9BR76,CORO1B
D3YTB1,RPL32
Q15363,TMED2
A0A286YFF7,PPT1
P28072,PSMB6
P62879,GNB2
P00403,MT-CO2
A0A6I8PL42,LARS1
A0A0A0MT01,GSN
P08243,ASNS
P15170,GSPT1
Q13895,BYSL
E7EX17,EIF4B
Q13243,SRSF5
O00116,AGPS
P30536,TSPO
P63167,DYNLL1
P37108,SRP14
Q9NRR5,UBQLN4
F5H5I6,GRSF1
Q08623,PUDP
Q14166,TTLL12
Q9ULC4,MCTS1
P61289,PSME3
K7EMW4,NCLN
P61088,UBE2N
Q9BQ39,DDX50
Q01469,FABP5
Q02543,RPL18A
Q8IWX8,CHERP
E7EUC7,UGP2
Q9GZS3,WDR61
P02538,KRT6A
Q9BW27,NUP85
G3V3E8,NPC2
O95881,TXNDC12
P43490,NAMPT
P02533,KRT14
P49790,NUP153
P30520,ADSS2
A0A3B3IRI3,TJP2
J3KP15,SRSF2
P61964,WDR5
Q12873,CHD3
P14678,SNRPB
Q9NTK5,OLA1
E9PLL6,RPL27A
Q02809,PLOD1
P62491,RAB11A
Q9BY44,EIF2A
Q8NCW5,NAXE
P55735,SEC13
F5H867,SLC3A2
O75340,PDCD6
Q8N684,CPSF7
Q8NE71,ABCF1
Q14126,DSG2
P61586,RHOA
A0A087X253,AP2B1
P55263,ADK
Q12904,AIMP1
Q9BTT0,ANP32E
Q9Y224,RTRAF
O15144,ARPC2
Q14739,LBR
O15347,HMGB3
Q9BQ69,MACROD1
Q96S52,PIGS
P40429,RPL13A
K7ELZ9,NCLN
E7EVX8,PRPF31
Q96CS3,FAF2
Q15061,WDR43
Q9H993,ARMT1
Q9BRJ6,C7orf50
P11279,LAMP1
Q10471,GALNT2
O75400,PRPF40A
Q7Z6Z7,HUWE1
C9IZ01,GFM1
Q9NR28,DIABLO
Q8N8S7,ENAH
Q14696,MESD
Q96A33,CCDC47
Q00688,FKBP3
Q9BVI4,NOC4L
P55036,PSMD4
P40938,RFC3
P06493,CDK1
Q8WWQ0,PHIP
Q9NRG9,AAAS
O95104,SCAF4
M0R2L9,RPS19
P11717,IGF2R
Q9NR31,SAR1A
O75915,ARL6IP5
P50914,RPL14
P62854,RPS26
P08579,SNRPB2
P61970,NUTF2
P05114,HMGN1
Q9H6R4,NOL6
P52943,CRIP2
P67775,PPP2CA
O75531,BANF1
O00232,PSMD12
P57740,NUP107
P62857,RPS28
P14550,AKR1A1
Q9UBT2,UBA2
Q16181,SEPTIN7
Q96K17,BTF3L4
Q12769,NUP160
Q5VW32,BROX
P19525,EIF2AK2
O95292,VAPB
B7Z7P8,ETF1
Q13242,SRSF9
O75494,SRSF10
Q9P0M6,MACROH2A2
B1ALA9,PRPS1
O43290,SART1
K7ELX4,FECH
Q9BPW8,NIPSNAP1
O75937,DNAJC8
C9JFN4,BZW1
Q16740,CLPP
O60306,AQR
Q96HS1,PGAM5
P09543,CNP
P30419,NMT1
P04899,GNAI2
O60313,OPA1
Q9H0D6,XRN2
F8W651,COPZ1
Q9UK76,JPT1
Q9BRR6,ADPGK
Q6XQN6,NAPRT
P52306,RAP1GDS1
C9JTN7,TIA1
Q9Y3U8,RPL36
Q8NBJ5,COLGALT1
Q8NBX0,SCCPDH
P30038,ALDH4A1
A0A3B3ITX4,3 SV
Q92896,GLG1
P27708,CAD
Q6P1J9,CDC73
A0A1B0GUE3,ASAH1
O75691,UTP20
Q14320,FAM50A
Q96EY7,PTCD3
O95782,AP2A1
H0YIQ2,YLPM1
P69905,HBA1
P30405,PPIF
Q15388,TOMM20
A0A087WXI5,CDH1
P63173,RPL38
Q13561,DCTN2
Q9UBE0,SAE1
K7EM09,TMEM205
Q96HE7,ERO1A
Q96BM9,ARL8A
P53985,SLC16A1
E7ESY4,MTA1
Q8TDN6,BRIX1
H0YJA2,ZC3H14
Q15031,LARS2
Q96A72,MAGOHB
P09960,LTA4H
P07305,H1-0
P35658,NUP214
P61326,MAGOH
Q9NWH9,SLTM
Q9HA77,CARS2
P40937,RFC5
Q2TAY7,SMU1
H3BQZ7,HNRNPUL2-BSCL2
Q9Y333,LSM2
Q86VM9,ZC3H18
P55957,BID
Q9Y221,NIP7
H7C2W9,RPL31
P25325,MPST
Q9NY33,DPP3
H3BRC0,COQ9
P61006,RAB8A
P00167,CYB5A
Q9Y2Z0,SUGT1
B8ZZQ6,PTMA
A0A0J9YXF2,PON2
A0A3B3IRQ8,CTPS1
P47755,CAPZA2
Q99575,POP1
O14929,HAT1
O15173,PGRMC2
P35606,COPB2
Q9BUQ8,DDX23
P30533,LRPAP1
Q9Y383,LUC7L2
O95197,RTN3
P62328,TMSB4X
Q13308,PTK7
Q9Y2W2,WBP11
P18583,SON
Q9Y3C6,PPIL1
Q56VL3,OCIAD2
P46459,NSF
Q92526,CCT6B
O00159,MYO1C
Q15417,CNN3
Q6UN15,FIP1L1
O60869,EDF1
Q8WUM0,NUP133
F6TLX2,GLOD4
H3BN98,3 SV
P52701,MSH6
P67870,CSNK2B
Q9Y263,PLAA
C9JRZ6,CHCHD3
Q9UIG0,BAZ1B
Q9BTV4,TMEM43
C9JLU1,POLR2H
P00568,AK1
Q9H307,PNN
F8W7Q4,FAM162A
P14174,MIF
Q8N1G4,LRRC47
Q96I25,RBM17
P53999,SUB1
Q9BQ61,TRIR
Q9H910,JPT2
F5GYQ1,ATP6V0D1
Q9Y624,F11R
Q13523,PRPF4B
Q9UH99,SUN2
P62306,SNRPF
Q9UNX4,WDR3
O75844,ZMPSTE24
Q14847,LASP1
P35244,RPA3
F5H365,SEC23A
Q92922,SMARCC1
O14579,COPE
P13798,APEH
Q969Z0,TBRG4
P63279,UBE2I
Q8WW12,PCNP
A0A3B3IRT8,SSR1
Q00059,TFAM
Q15370,ELOB
V9GZ56,LSM4
Q14008,CKAP5
A0A3B3IUB5,HM13
Q3ZCQ8,TIMM50
O14776,TCERG1
Q99436,PSMB7
O75477,ERLIN1
P23921,RRM1
P54725,RAD23A
P40763,STAT3
Q14669,TRIP12
Q96KR1,ZFR
P16930,FAH
P08779,KRT16
Q9NPJ3,ACOT13
Q9UBS4,DNAJB11
Q5T5P2,KIAA1217
Q9NS69,TOMM22
Q9Y3D6,FIS1
Q13363,CTBP1
P10155,RO60
C9JJ19,MRPS34
O43818,RRP9
Q92890,UFD1
Q04323,UBXN1
Q8WXI9,GATAD2B
O43447,PPIH
A0A590UK80,3 SV
Q92797,SYMPK
P12277,CKB
Q9UHD9,UBQLN2
Q5XKE5,KRT79
P08237,PFKM
A0A087WUQ6,GPX1
Q10567,AP1B1
P63000,RAC1
P25685,DNAJB1
P20042,EIF2S2
Q12789,GTF3C1
Q9NTI5,PDS5B
Q13595,TRA2A
O75821,EIF3G
A0A087WUC6,SPCS2
P13984,GTF2F2
A0A3B3ITT5,RPL29
Q13084,MRPL28
Q15020,SART3
O75694,NUP155
Q6DN03,H2BC20P
P23634,ATP2B4
P31937,HIBADH
Q99986,VRK1
P54709,ATP1B3
P51398,DAP3
P82909,MRPS36
Q6YN16,HSDL2
P13284,IFI30
A0A087WVM4,MTHFD1L
Q9Y6A9,SPCS1
P83731,RPL24
Q9NP72,RAB18
P78417,GSTO1
Q86YP4,GATAD2A
P09110,ACAA1
Q92522,H1-10
Q9NZ01,TECR
Q9Y4Y9,LSM5
J3QRU1,YES1
Q01085,TIAL1
O43660,PLRG1
O95302,FKBP9
O75880,SCO1
Q9BYD6,MRPL1
P30837,ALDH1B1
P61254,RPL26
P23258,TUBG1
Q8TAQ2,SMARCC2
Q9NUJ1,ABHD10
O75489,NDUFS3
P51570,GALK1
Q92979,EMG1
Q9UHD1,CHORDC1
Q14019,COTL1
P61020,RAB5B
G5EA06,MRPS27
O75934,BCAS2
Q15819,UBE2V2
A0A2R8Y5Q8,TBCE
Q04446,GBE1
P62851,RPS25
P30046,DDT
P10620,MGST1
Q9NRX4,PHPT1
Q08257,CRYZ
P02794,FTH1
P47813,EIF1AX
Q5TFJ7,KPNA6
Q92882,OSTF1
Q9HC35,EML4
E7ESB6,GIGYF2
B8ZWD1,DBI
Q9BY77,POLDIP3
Q9BRP8,PYM1
O75223,GGCT
B5MCF9,PES1
Q8WVM8,SCFD1
P61513,RPL37A
P62942,FKBP1A
P54819,AK2
Q9H3N1,TMX1
P20340,RAB6A
H0Y3P2,EIF4G2
P16278,GLB1
Q86X55,CARM1
O60216,RAD21
Q13564,NAE1
Q5JTZ9,AARS2
Q9P0J0,NDUFA13
A0A087X0K9,TJP1
O14617,AP3D1
O14787,TNPO2
Q14966,ZNF638
Q9UK45,LSM7
Q15785,TOMM34
O14976,GAK
Q15642,TRIP10
Q8IV08,PLD3
A0A024RCR6,BAG6
P30085,CMPK1
Q9NZB2,FAM120A
R4GMR5,PSMD8
Q9NR45,NANS
P16219,ACADS
Q15121,PEA15
P55327,TPD52
Q86TX2,ACOT1
O94973,AP2A2
A0A087WZK9,EIF3H
P62633,CNBP
A0A6I8PU89,DNAJC7
P61081,UBE2M
Q99471,PFDN5
P12081,HARS1
O75746,SLC25A12
O60749,SNX2
O60884,DNAJA2
Q9UHB9,SRP68
P14927,UQCRB
P43897,TSFM
O15355,PPM1G
Q14692,BMS1
Q5TEC6,H3-2
O15143,ARPC1B
Q7Z2K6,ERMP1
P48681,NES
Q8NEJ9,NGDN
Q7Z2T5,TRMT1L
Q92973,TNPO1
Q96EY1,DNAJA3
P61960,UFM1
P62304,SNRPE
Q96AB3,ISOC2
P35610,SOAT1
F8W8A6,HIBCH
P35251,RFC1
Q9UBB4,ATXN10
O00566,MPHOSPH10
Q8IX12,CCAR1
P07919,UQCRH
Q5RKV6,EXOSC6
M0QXN5,NUP62
Q9NW13,RBM28
O43395,PRPF3
A0A087WU03,HNRNPDL
Q92520,FAM3C
P58546,MTPN
Q9H7Z7,PTGES2
O43765,SGTA
Q16762,TST
O75822,EIF3J
P53007,SLC25A1
P24666,ACP1
P14735,IDE
X6R3N0,SLC27A3
A0A1B0GVH5,FTO
Q68E01,INTS3
Q96TC7,RMDN3
A0A2R8Y6Y7,SUCLA2
Q9NP92,MRPS30
P35080,PFN2
Q8IWA0,WDR75
E9PQ61,ZC3H11A
E9PP21,CSRP1
P10606,COX5B
Q9Y295,DRG1
O75534,CSDE1
Q02338,BDH1
P08754,GNAI3
A0A087WW65,ABCB7
Q96GC9,VMP1
Q9Y2A7,NCKAP1
O00273,DFFA
Q09161,NCBP1
Q9UJY5,GGA1
Q10570,CPSF1
Q8IYD1,GSPT2
Q9NTZ6,RBM12
Q8WUA4,GTF3C2
Q9H8H0,NOL11
P08559,PDHA1
P52926,HMGA2
Q14CN4,KRT72
H0Y368,DPM1
Q5JR08,RHOC
O43488,AKR7A2
Q86WA6,BPHL
Q9NQZ2,UTP3
Q9H2P0,ADNP
Q9H845,ACAD9
A0A0G2JQH2,RPS18
D6RBW1,EIF4E
Q49AN9,SNRPG
A0A3B3IUA7,TRIM25
Q15269,PWP2
Q9BRX8,PRXL2A
E9PQ57,RAE1
Q969H8,MYDGF
H9KV45,UBE2D3
Q9Y3Z3,SAMHD1
Q6NXG1,ESRP1
Q9Y5K5,UCHL5
P04114,APOB
O00233,PSMD9
Q9UBV8,PEF1
Q7Z7H5,TMED4
Q9BVJ6,UTP14A
Q13442,PDAP1
Q9NTJ3,SMC4
Q9Y512,SAMM50
Q9NQR4,NIT2
C9JKZ2,NUCB1
Q96T60,PNKP
A0A2R8Y595,CTCF
O95071,UBR5
P35914,HMGCL
H0YKD8,RPL28
O94905,ERLIN2
Q5T4S7,UBR4
Q5T091,RER1
A0A494C0R8,CLUH
P26885,FKBP2
Q14527,HLTF
P21926,CD9
A6NNK5,TP53BP1
O00115,DNASE2
E9PK52,EPB41L2
A0A0A0MQX8,MBNL1
Q15833,STXBP2
Q99627,COPS8
Q12788,TBL3
P59998,ARPC4
P21912,SDHB
O95347,SMC2
B7WP74,CWC22
Q12996,CSTF3
Q86U38,NOP9
Q9BX68,HINT2
P49023,PXN
C9J1V9,EEF1E1-BLOC1S5
P35237,SERPINB6
H7C003,PPP1R7
Q15369,ELOC
H3BLV9,SRPK1
Q92542,NCSTN
Q14651,PLS1
Q9P1F3,ABRACL
O95470,SGPL1
Q9BTC0,DIDO1
P55081,MFAP1
D6RAX7,COPS4
P68402,PAFAH1B2
M0R2B7,POLD1
Q8TCS8,PNPT1
A0A1W2PRF6,SCARB2
P09234,SNRPC
Q96M27,PRRC1
Q5T1J5,CHCHD2P9
Q9H3K6,BOLA2
Q9H0C8,ILKAP
Q9Y5M8,SRPRB
P49006,MARCKSL1
Q15843,NEDD8
F5H658,DHX8
O60828,PQBP1
P46977,STT3A
O75381,PEX14
O95816,BAG2
Q99848,EBNA1BP2
P51116,FXR2
I3L0A0,TMEM189-UBE2V1
Q99808,SLC29A1
M0QY97,ZC3H4
P98175,RBM10
Q99598,TSNAX
Q9Y6V7,DDX49
Q8WXX5,DNAJC9
Q9NZZ3,CHMP5
P28331,NDUFS1
P56545,CTBP2
O15145,ARPC3
P62312,LSM6
Q92878,RAD50
P35250,RFC2
Q9GZL7,WDR12
P26447,S100A4
O96005,CLPTM1
E9PRG8,C11orf98
A0A499FJY3,RBM15
P00918,CA2
Q9UMX5,NENF
E9PK47,PYGL
Q32MZ4,LRRFIP1
Q9UKN8,GTF3C4
O43464,HTRA2
P60468,SEC61B
Q15437,SEC23B
K7EIR0,WDR18
O15269,SPTLC1
P14854,COX6B1
Q9UBF2,COPG2
Q8WY22,BRI3BP
P13647,KRT5
Q9Y305,ACOT9
Q5SZE1,CERS2
P48444,ARCN1
O43172,PRPF4
H3BV90,CIAPIN1
A0A140T9R1,FLOT1
E9PAV9,GPATCH4
J3QTA6,CHCHD6
Q8IXM3,MRPL41
O60568,PLOD3
A0A3B3IS71,RB1
F5H345,HMBS
Q9HB40,SCPEP1
F5H157,RAB35
C9J4M6,POLR2B
Q8NFU3,TSTD1
Q8TBX8,PIP4K2C
P52888,THOP1
J3KR97,TBCD
B4DZG7,ARL1
P10644,PRKAR1A
Q92733,PRCC
Q8WYA6,CTNNBL1
Q9Y6B6,SAR1B
Q96KQ7,EHMT2
O43747,AP1G1
P84095,RHOG
A0A087WZ51,TPD52L2
A0A0A0MTB8,WDR36
Q9NQ29,LUC7L
Q14677,CLINT1
K7EQA1,PDCD5
Q8TEA8,DTD1
Q96HY6,DDRGK1
P51553,IDH3G
P51649,ALDH5A1
Q96IX5,ATP5MD
Q9UBD5,ORC3
Q9BW72,HIGD2A
P54920,NAPA
P22223,CDH3
P51970,NDUFA8
P82673,MRPS35
H0Y742,SUN1
A6NDG6,PGP
P60983,GMFB
Q4VC31,CCDC58
Q9Y6E2,BZW2
Q9HCS7,XAB2
Q5QPM7,PSMF1
E9PHI6,DYNC1LI1
Q15274,QPRT
A0A087WX39,EPS8L2
Q9UHQ9,CYB5R1
H7BXY3,DHX30
Q9P287,BCCIP
A0A494C0X0,TBCB
Q7Z7H8,MRPL10
P63165,SUMO1
Q9UBQ7,GRHPR
D6RIC3,NOP16
O95674,CDS2
E5RJD2,DECR1
Q15651,HMGN3
Q7Z2W9,MRPL21
P06132,UROD
P49458,SRP9
Q7L0Y3,TRMT10C
B5MC98,PREB
Q96ER9,CCDC51
Q9Y237,PIN4
Q96S66,CLCC1
Q9Y520,PRRC2C
M0QXD6,GTF2F1
O00165,HAX1
O43252,PAPSS1
Q5JWF2,GNAS
O00264,PGRMC1
P02768,ALB
O60256,PRPSAP2
Q92541,RTF1
O95716,RAB3D
O14773,TPP1
Q9P0S9,TMEM14C
G3V325,ATP5MF-PTCD1
P61201,COPS2
O43823,AKAP8
Q9P015,MRPL15
Q7Z5L9,IRF2BP2
P24928,POLR2A
Q9NY61,AATF
Q9BYT8,NLN
Q9H6I2,SOX17
A0A2R8Y4Y7,SPG7
Q9Y5L4,TIMM13
Q9HBH5,RDH14
Q9UHV9,PFDN2
P52294,KPNA1
P61011,SRP54
P09669,COX6C
Q9HCN8,SDF2L1
O43347,MSI1
J3KQ48,PTRH2
Q13769,THOC5
Q9UNS2,COPS3
O60784,TOM1
Q9P2I0,CPSF2
Q8NFF5,FLAD1
Q9NVV0,TMEM38B
C9JAW5,4 SV
Q96N66,MBOAT7
Q9NRF9,POLE3
P55010,EIF5
Q9H488,POFUT1
Q92734,TFG
Q6DKI1,RPL7L1
H0Y8C4,PPP2R5D
O95777,LSM8
Q9H8Y8,GORASP2
Q9UI12,ATP6V1H
Q6P1A2,LPCAT3
Q5QPQ0,LYPLA2
U3KPZ7,1 SV
Q9Y570,PPME1
Q8IZP0,ABI1
Q9Y2S7,POLDIP2
Q99496,RNF2
H0YK99,DNAJC17
Q69YN2,CWF19L1
P08651,NFIC
Q7KZN9,COX15
Q9Y3D9,MRPS23
G5E9D5,ELAC2
Q8WX93,PALLD
Q6IAA8,LAMTOR1
F6WIT2,PTPA
Q9H299,SH3BGRL3
Q9Y4E8,USP15
Q07960,ARHGAP1
P41567,EIF1
O75306,NDUFS2
Q96HR8,NAF1
C9J8H1,ATP6V1E1
Q9BRA2,TXNDC17
Q16555,DPYSL2
R4GMQ1,KDM1A
E5RGR0,LYPLA1
P33176,KIF5B
D6RAA6,TMEM33
Q5JVF3,PCID2
P20645,M6PR
Q8N201,INTS1
P18077,RPL35A
Q9Y3C4,TPRKB
P15586,GNS
Q5QPR4,CDK11A
Q9UJY4,GGA2
P62273,RPS29
D6R9M0,KIF2A
A0A0A6YYA0,TMED7-TICAM2
Q3SXM5,HSDL1
P61086,UBE2K
Q9NZL9,MAT2B
A0A0B4J1V8,PPAN-P2RY11
Q9HD45,TM9SF3
C9IZG4,CUTA
O43504,LAMTOR5
P51153,RAB13
Q13045,FLII
O75976,CPD
P24941,CDK2
Q9BXY0,MAK16
Q5JR04,MOV10
Q6P2E9,EDC4
O75663,TIPRL
P20338,RAB4A
Q6ZMG9,CERS6
Q9BV79,MECR
Q9BZK7,TBL1XR1
H0YNE9,RAB8B
P50570,DNM2
Q9BZ95,NSD3
I3L3N0,SRR
Q99988,GDF15
J3KP30,DNTTIP2
E9PE17,MRPS17
Q8WXH0,SYNE2
P11172,UMPS
Q9BWQ6,YIPF2
Q9BQE5,APOL2
H0YJV7,YY1
H3BT54,FANCI
A0A087WVZ9,POLR2E
O75940,SMNDC1
A0A1W2PNX8,UNC45A
K7EMM8,GLYR1
Q8TAT6,NPLOC4
E9PMI6,CLNS1A
Q9NQG5,RPRD1B
Q96TA1,NIBAN2
Q92504,SLC39A7
A0A2R8Y7W5,CDK13
Q9NSU2,TREX1
Q96HQ2,CDKN2AIPNL
P35249,RFC4
P49207,RPL34
P29966,MARCKS
E9PPY3,RRP8
Q6P587,FAHD1
Q52LJ0,FAM98B
Q9Y3Q3,TMED3
Q16775,HAGH
A0A087WY03,SREK1
Q15022,SUZ12
M0QXM4,SLC1A5
P30626,SRI
Q9UJU6,DBNL
Q9HAV4,XPO5
A0A087X0R7,SENP3-EIF4A1
Q5T760,SRSF11
P17302,GJA1
O43598,DNPH1
Q15007,WTAP
A0A087WTB8,UCHL3
H3BT06,PMM2
Q9H1B7,IRF2BPL
Q9Y320,TMX2
P27449,ATP6V0C
Q8WTT2,NOC3L
F8VQR7,CSRP2
H0YMH7,CTDSPL2
Q5TBP9,LSM14B
O43583,DENR
P62861,FAU
P43034,PAFAH1B1
A0A087WWU9,SRP19
Q9UJX3,ANAPC7
Q2TAA2,IAH1
Q92900,UPF1
Q9UI30,TRMT112
D6RG15,TWF2
Q9Y3A6,TMED5
P63313,TMSB10
Q92665,MRPS31
H0YNG3,SEC11A
P53582,METAP1
Q7Z4H8,POGLUT3
O95400,CD2BP2
Q9UBV2,SEL1L
Q13126,MTAP
D6RGZ2,THOC3
P10619,CTSA
Q96BK5,PINX1
Q08752,PPID
A0A0D9SEM4,SRSF4
Q9H773,DCTPP1
O43264,ZW10
P36507,MAP2K2
P62310,LSM3
A0A087X0L7,OXA1L
Q14690,PDCD11
O75348,ATP6V1G1
P10109,FDX1
Q8IVD9,NUDCD3
Q92575,UBXN4
Q96QC0,PPP1R10
A0A182DWF2,TXNRD2
Q9H1E3,NUCKS1
Q9NVH1,DNAJC11
A0A0C4DFX9,NELFA
Q9Y2V2,CARHSP1
M0R3F6,SUGP2
P46109,CRKL
Q9BYN8,MRPS26
Q5BKZ1,ZNF326
P62070,RRAS2
K7ERE1,TMEM256-PLSCR3
Q8WWM7,ATXN2L
Q6DKJ4,NXN
Q8WYP5,AHCTF1
Q96T76,MMS19
Q99504,EYA3
Q9UM00,TMCO1
U3KQB0,POLR2F
Q9BW60,ELOVL1
A0A1W2PSE7,HLA-A
Q9H3P7,ACBD3
Q01082,SPTBN1
Q9NXF1,TEX10
O95456,PSMG1
Q86XP3,DDX42
Q14676,MDC1
Q9H4L7,SMARCAD1
Q96DA6,DNAJC19
K7EIE8,MBD3
F8WCN3,CKMT1A
P78318,IGBP1
A0A3B3ITD8,NUP98
Q8IZ83,ALDH16A1
P11166,SLC2A1
Q9UJX2,CDC23
B1AKR6,DYNLRB1
O15160,POLR1C
Q13177,PAK2
Q13085,ACACA
M0R165,EPS15L1
Q9H6F5,CCDC86
Q9Y5X3,SNX5
Q9UJA5,TRMT6
O75323,NIPSNAP2
Q96F86,EDC3
Q9NPF4,OSGEP
Q02750,MAP2K1
Q9UBQ5,EIF3K
A0A3B3ISS6,GPNMB
Q13098,GPS1
Q9NYP7,ELOVL5
P02765,AHSG
X6RGP5,SEC16A
A0A096LP69,CD99
Q9UGP8,SEC63
Q8N4V1,MMGT1
P10253,GAA
Q9Y5K6,CD2AP
P61009,SPCS3
A0A0J9YXS4,APOO
H0YLF5,PBX1
A0A087WX59,ADRM1
M0R257,RAB3A
P11137,MAP2
O60271,SPAG9
Q99797,MIPEP
Q9UL25,RAB21
Q96C90,PPP1R14B
H0YI92,LIN7A
P56385,ATP5ME
P12429,ANXA3
P19387,POLR2C
Q13601,KRR1
P17655,CAPN2
O60563,CCNT1
O00754,MAN2B1
Q96AY3,FKBP10
H3BND4,PDXDC1
A5YKK6,CNOT1
C9J5D1,NAA50
A0A2Y9D025,NDUFA6
P18887,XRCC1
Q68D90,USP10
A0A0G2JLB3,GBA
O43633,CHMP2A
Q9H7B2,RPF2
Q96P48,ARAP1
Q9P0J1,PDP1
I3L297,CRK
P36405,ARL3
Q13123,IK
Q92747,ARPC1A
Q92667,AKAP1
Q16718,NDUFA5
A0A087WXB0,SCAMP1
G3V4E4,LGMN
A0A0A0MRM8,MYO6
O15270,SPTLC2
P51688,SGSH
P52789,HK2
A0A0A0MTJ9,NCEH1
Q7KZ85,SUPT6H
F8W145,CNOT2
H0Y4Y4,EFHD2
O60287,URB1
A0A2R8Y5P7,HARS2
Q9NXH9,TRMT1
Q07812,BAX
Q9Y2U8,LEMD3
Q9BWJ5,SF3B5
A0A087WUD3,OSTC
A2AB88,PFDN6
Q96SK2,TMEM209
P00395,MT-CO1
K7ENW4,NACC1
A0A669KB89,SCRIB
A0A1W2PP10,VPS35
J3KSI8,MRPS7
Q96CW1,AP2M1
P05204,HMGN2
K7ES22,ASF1B
Q96CN7,ISOC1
Q9Y3B7,MRPL11
P09601,HMOX1
Q96KB5,PBK
Q8NI27,THOC2
Q16864,ATP6V1F
A0A2R8Y4M1,CLIC5
O14874,BCKDK
Q8NB90,SPATA5
Q99757,TXN2
Q9UKF6,CPSF3
Q9NQW7,XPNPEP1
P49903,SEPHS1
Q15126,PMVK
O14974,PPP1R12A
Q8NFH4,NUP37
E9PFH4,TNPO3
Q96HC4,PDLIM5
Q99614,TTC1
P62072,TIMM10
P61758,VBP1
Q8N7H5,PAF1
C9J719,EBP
Q8TBC4,UBA3
Q8N5N7,MRPL50
Q9H444,CHMP4B
E9PF16,ACSF2
P11182,DBT
P78386,KRT85
P62993,GRB2
P62745,RHOB
H0Y5K5,ERGIC3
H0Y7L6,SP3
P18859,ATP5PF
Q9Y3B9,RRP15
O60783,MRPS14
H0YB99,PTK2
Q9NVH0,EXD2
Q96HY7,DHTKD1
A0A0A0MT83,IVD
Q9NY27,PPP4R2
H3BQV3,COG8
Q96JJ7,TMX3
C9J2Q2,ATPAF2
Q5TFE4,NT5DC1
O43865,AHCYL1
P82932,MRPS6
D6RCB6,RIOX2
Q96G97,BSCL2
A2A2L5,RTF2
Q9P2R3,ANKFY1
J3KQN4,RPL36A
D6RIZ4,MFSD10
Q96F07,CYFIP2
Q9NY12,GAR1
P54132,BLM
Q9Y5J1,UTP18
Q13206,DDX10
Q96GC5,MRPL48
Q15075,EEA1
Q9NRX2,MRPL17
O15427,SLC16A3
Q9BT67,NDFIP1
Q5JTJ3,COA6
Q9P032,NDUFAF4
H0YIC9,PRKAG1
A0A2R8Y880,RBBP6
P56270,MAZ
O76031,CLPX
Q9BWD1,ACAT2
Q13557,CAMK2D
A0A087WXM8,BCAM
E9PKP7,UBTF
Q9UFN0,NIPSNAP3A
Q96I63,YME1L1
Q15043,SLC39A14
H3BVC8,PRSS8
P60059,SEC61G
Q9H2M9,RAB3GAP2
C9J164,RAPH1
P17050,NAGA
Q8WVM7,STAG1
Q16795,NDUFA9
F5GXX5,DAD1
Q15404,RSU1
Q9NVT9,ARMC1
P11216,PYGB
P82933,MRPS9
C9JA28,SSR3
F6T1Q0,PDE12
O15511,ARPC5
Q9NQ50,MRPL40
O95926,SYF2
P82650,MRPS22
P53367,ARFIP1
H0YKU1,TMOD3
Q5H919,HTATSF1
E9PRZ1,SAAL1
P00492,HPRT1
Q9UDW1,UQCR10
A0A087X0M4,SLC4A1AP
Q9Y4W2,LAS1L
A0A3B3IU42,GEMIN2
G5E9X3,FNDC3A
A6NHR9,SMCHD1
F8WC64,GTF3C3
Q92925,SMARCD2
Q96T23,RSF1
A0A2R8Y855,SMARCE1
Q9UGV2,NDRG3
Q9C005,DPY30
P78362,SRPK2
Q15645,TRIP13
C9JND6,PDCD10
Q9P003,CNIH4
Q99943,AGPAT1
Q01831,XPC
Q9Y3B4,SF3B6
Q9BV20,MRI1
Q8N766,EMC1
Q15006,EMC2
P54802,NAGLU
Q13158,FADD
O95817,BAG3
P62891,RPL39
A8MU27,SUMO3
P12931,SRC
Q5W0Y9,NFIB
Q9ULK4,MED23
H0Y3T6,SDF4
E9PQY2,PFDN4
P36551,CPOX
O75717,WDHD1
Q15654,TRIP6
Q9UGI8,TES
Q9C0J8,WDR33
Q9BSC4,NOL10
Q14573,ITPR3
A0A087X211,CIP2A
K7EN32,ECSIT
Q9P0J7,KCMF1
Q96HV5,TMEM41A
P61221,ABCE1
O75251,NDUFS7
Q15375,EPHA7
Q99959,PKP2
Q8N1B4,VPS52
P41223,BUD31
Q7RTV0,PHF5A
K7EKI8,PPL
F8WFC6,LSG1
Q8IXI1,RHOT2
G3V599,MIA2
J3QR07,YTHDC1
Q9Y3D3,MRPS16
A0A5F9ZHB6,PRIM1
Q13619,CUL4A
Q14139,UBE4A
O95684,CEP43
Q9BVM2,DPCD
Q9NW64,RBM22
M0QXB5,ETHE1
A0A087WXK2,PEG10
A0A286YFD6,RRM2
Q9Y2R4,DDX52
O95182,NDUFA7
Q9BTZ2,DHRS4
Q5T280,SPOUT1
K7EQH1,C18orf25
Q9C0C9,UBE2O
Q13823,GNL2
P61457,PCBD1
B8ZZV5,MRPL30
Q9NR50,EIF2B3
Q96P16,RPRD1A
A8MZI4,RAB37
Q5ZPR3,CD276
Q9NXE4,SMPD4
S4R347,FNBP1L
F8VXU5,VPS29
B7Z7F3,RANBP3
H0Y7B8,GOLGA2
O00483,NDUFA4
X6R674,IVNS1ABP
Q9NPE3,NOP10
P41208,CETN2
Q9UHI6,DDX20
Q8NAV1,PRPF38A
D6RD44,TCEAL4
Q8WVV9,HNRNPLL
E7EPM6,ACSL1
Q9H061,TMEM126A
Q9C0E2,XPO4
S4R3V3,YTHDF2
F8W8D3,SLBP
Q9NQH7,XPNPEP3
Q9Y3T9,NOC2L
O00186,STXBP3
P19623,SRM
Q8WUK0,PTPMT1
Q5T440,IBA57
O15446,POLR1G
F5H5P2,3 SV
Q8NBU5,ATAD1
A0A087WY55,VTA1
Q9H008,LHPP
Q9NX20,MRPL16
Q15392,DHCR24
Q5TIG5,AFDN
H3BPJ9,NDUFB10
D6RCB9,NHP2
K7ERP6,PRKACA
P06865,HEXA
P49902,NT5C2
Q96EH3,MALSU1
P78316,NOP14
Q6PD62,CTR9
P56182,RRP1
A0A0C4DFM1,TM9SF4
H0Y9G5,WFS1
Q7Z4Q2,HEATR3
Q99720,SIGMAR1
F5GYT8,MCCC1
O94874,UFL1
Q9BV40,VAMP8
Q9H0U3,MAGT1
Q96HR9,REEP6
P23919,DTYMK
Q96CT7,CCDC124
Q71RC2,LARP4
Q9NP66,HMG20A
Q9Y5Y2,NUBP2
Q27J81,INF2
G5E9F5,MPV17
Q8TC12,RDH11
H0YIY8,PPP4R3A
X6RIL1,MTARC1
Q8N5K1,CISD2
P17661,DES
F8W038,C17orf49
Q969P0,IGSF8
Q13405,MRPL49
A0A3B3IUC4,GLA
A0A0A6YY92,ADSL
F8WBJ6,PNO1
H3BNK3,NDUFAB1
Q96JB2,COG3
Q99735,MGST2
A3KFL1,EXOSC2
Q08AM6,VAC14
P56589,PEX3
A0A2R8Y658,RNASEH2A
X6RAJ1,AKAP17A
Q8IXB1,DNAJC10
Q9NV31,IMP3
A0A024R571,EHD1
F8WCH6,SLC25A17
F8VQX7,OSBPL8
Q9Y4C8,RBM19
Q9UJY1,HSPB8
C9JPI5,PBRM1
K7ENK9,VAMP2
Q96EL2,MRPS24
D6RG39,OCIAD1
Q6UXN9,WDR82
A0A590UJ50,CUL1
Q9GZP8,IMUP
C9J647,SMPD4
O00743,PPP6C
H7BXG7,SEC31A
Q15648,MED1
Q5SRR8,DDAH2
Q9UPQ8,DOLK
Q6ZRP7,QSOX2
A0A3B3ITK7,PGM1
P42785,PRCP
P13473,LAMP2
Q9BXR0,QTRT1
B7Z2U2,TOM1L2
A0A0B4J2A0,1 SV
E9PRY2,SLC35F2
Q9Y6E0,STK24
P82675,MRPS5
P82663,MRPS25
P06756,ITGAV
E9PFT6,HBD
A0A2R8Y653,UCK2
C9J384,CMSS1
Q8WYH8,ING5
F8WCU9,ARID2
Q9BV86,NTMT1
Q9BSH4,TACO1
O15020,SPTBN2
Q8ND82,ZNF280C
E9PPI9,EXOSC4
Q14146,URB2
Q9H6T0,ESRP2
I3L352,DDX19A
Q96DV4,MRPL38
Q9UIJ7,AK3
Q92917,GPKOW
O15235,MRPS12
Q86SX6,GLRX5
H0YBP8,CHRAC1
Q9Y450,HBS1L
O14745,SLC9A3R1
Q69YN4,VIRMA
Q2NL82,TSR1
P62877,RBX1
O75600,GCAT
Q9C0D9,SELENOI
Q9HC36,MRM3
O14569,CYB561D2
Q7Z3B4,NUP54
Q96E11,MRRF
O96013,PAK4
Q8N1G2,CMTR1
Q5VU11,RPP30
O00151,PDLIM1
Q15418,RPS6KA1
O00479,HMGN4
Q9BQ15,NABP2
Q5SRE5,NUP188
A0A0G2JIC6,MRPS18B
A0A087WU07,MICOS10
O94925,GLS
B1ALG6,HELLS
A0A0U1RQD1,TIGAR
B4DKY1,CARS1
Q6WKZ4,RAB11FIP1
Q8N4A0,GALNT4
B3KVN2,FNTA
H3BU93,PSME3IP1
E9PRZ9,C11orf58
O00443,PIK3C2A
J3KRC4,NT5C
F5H7R9,PTMS
F8WDV0,IPO11
O94903,PLPBP
P28482,MAPK1
Q8N3U4,STAG2
Q96GQ7,DDX27
F8VWW8,SMPDL3B
Q9H019,MTFR1L
Q9P2W9,STX18
Q5VTR2,RNF20
Q9BVC6,TMEM109
O95478,NSA2
Q9UPN6,SCAF8
P62330,ARF6
H3BUB6,SCAMP2
Q9NW08,POLR3B
Q9Y619,SLC25A15
Q9BSH5,HDHD3
A0A494C0F8,ELAVL4
A0A5F9ZI63,EED
Q8NFH5,NUP35
E9PC15,AGK
Q9NY93,DDX56
Q9HD33,MRPL47
F5H4N4,PXMP2
A0A1W2PPB7,KIDINS220
P05496,ATP5MC1
H3BTK5,SENP8
Q9NVV4,MTPAP
O95793,STAU1
A0A1W2PNP0,PIGT
E7EPT4,NDUFV2
C9JAL9,ASPSCR1
Q9BUA3,SPINDOC
Q12792,TWF1
J3QLR6,FLII
C9JVE2,DCUN1D1
Q9BUH6,PAXX
Q9UNL4,ING4
J3QRU7,BLOC1S2
Q9UKJ3,GPATCH8
O00267,SUPT5H
P04004,VTN
C9JFA7,GPD1L
Q9NRK6,ABCB10
O43678,NDUFA2
E9PRJ8,CD81
Q15631,TSN
H0Y9X1,TMA16
Q9BTY7,HGH1
Q13492,PICALM
H0YB38,BPNT2
J3QQV6,PNPO
A6NMQ1,POLA1
O00461,GOLIM4
Q9UBL3,ASH2L
O60502,OGA
Q8WUY1,THEM6
Q9NPA8,ENY2
Q96NX8,STX16
Q9NZW5,MPP6
C9JVN9,L2HGDH
Q9NPA0,EMC7
Q9NYV4,CDK12
Q86SK9,SCD5
A0A0U1RRK1,MICU1
E9PNK5,RELA
Q6NUQ1,RINT1
O75436,VPS26A
Q5R3B4,MPC2
F5H4Z7,MMAB
F8VWK8,CD63
Q9NRV9,HEBP1
O14925,TIMM23
Q99543,DNAJC2
Q7Z2Z2,EFL1
P49005,POLD2
P04066,FUCA1
Q9UNH7,SNX6
Q96A35,MRPL24
Q96P11,NSUN5
F5GWH5,TMEM258
Q9H0U9,TSPYL1
P63146,UBE2B
I3L4I0,FLYWCH2
Q5TCT4,RBM34
E7EW05,SDAD1
Q9H078,CLPB
Q13015,MLLT11
P61769,B2M
Q6PL18,ATAD2
Q9UHY7,ENOPH1
Q15629,TRAM1
P09001,MRPL3
P23610,F8A1
P15291,B4GALT1
Q9C037,TRIM4
P01116,KRAS
P11802,CDK4
Q6P3X3,TTC27
A0A087WZK0,DHPS
B1AHL2,FBLN1
E7EM64,COPS6
Q14781,CBX2
Q5C9Z4,NOM1
Q5T7U1,GTF3C5
G5EA31,SEC24C
Q9BQA1,WDR77
O14908,GIPC1
Q13901,C1D
A0A140T947,DHX16
O15294,OGT
Q6PKG0,LARP1
O75391,SPAG7
O95251,KAT7
F5H5T6,3 SV
A0A494C0D4,PPOX
C9JIZ6,PSAP
Q13444,ADAM15
Q13057,COASY
P13498,CYBA
P02649,APOE
Q9NPH0,ACP6
Q2M2I5,KRT24
K7ESQ2,SPC24
Q9BUK6,MSTO1
O00519,FAAH
Q02252,ALDH6A1
Q13630,TSTA3
Q9Y6W5,WASF2
Q8NHQ9,DDX55
A0A494C0P0,MED27
Q9BU23,LMF2
Q9BTD8,RBM42
O43819,SCO2
Q12797,ASPH
E7EN77,NCAPD2
O00217,NDUFS8
A0A2R8Y761,RNASEH2B
Q14254,FLOT2
Q5VT52,RPRD2
B1AJY6,PSMD10
C9JG87,MRPL39
P36954,POLR2I
Q99961,SH3GL1
P40425,PBX2
P45954,ACADSB
C9J8P9,CLTA
B9ZVN9,POLR1A
Q9NRG7,SDR39U1
Q15067,ACOX1
A0A1W2PRQ0,CYRIB
A0A0G2JQD0,LSS
A6NM71,3 SV
O75629,CREG1
Q15554,TERF2
Q5U5X0,LYRM7
Q8WUA2,PPIL4
Q8N0U8,VKORC1L1
Q8N668,COMMD1
Q06481,APLP2
Q96IU4,ABHD14B
Q96PU4,UHRF2
E5RHE9,IMPA1
K7EPV0,COA3
A0A0A0MSZ9,CSTF1
Q8NFH3,NUP43
Q8N183,NDUFAF2
G3V4W4,GNPNAT1
Q9BRT6,LLPH
P22033,MMUT
Q96DG6,CMBL
Q9H9Y6,POLR1B
Q8N1B9,NDUFA10
Q4ZIN3,TMEM259
C9JBI3,PSPH
Q14657,LAGE3
Q96EE3,SEH1L
Q6PD74,AAGAB
Q9UJC3,HOOK1
P22059,OSBP
H3BUD2,DCTN5
C9JLM5,SERPINB5
Q16222,UAP1
Q9HB90,RRAGC
O15156,ZBTB7B
A0A0U1RQT9,SYPL1
Q9H479,FN3K
Q6P1L8,MRPL14
Q5TCZ7,CUTC
K7EMY5,RDH13
F5H0R1,TUT1
Q9UNP9,PPIE
G3V4A5,MED6
G3V4H8,SLC25A29
Q9NYB9,ABI2
Q9BXP2,SLC12A9
X6R4W8,ZNF207
P80303,NUCB2
D6RG18,CCNH
F8WAA7,INTS4
Q13112,CHAF1B
J3KNW3,RBFOX1
C9JDR0,NSDHL
Q8NF37,LPCAT1
Q8WW59,SPRYD4
Q13451,FKBP5
P57105,SYNJ2BP
O15014,ZNF609
E7ESC6,XPO7
P29034,S100A2
B7Z510,REEP5
P04818,TYMS
Q96B26,EXOSC8
Q8NDX6,ZNF740
H7C085,TMEM214
I3L3I9,ALDH3A1
H3BR29,RUSF1
Q9UHB7,AFF4
E5RJG6,TACC1
C9JR82,TIMMDC1
D6RCC8,PPAT
P03891,MT-ND2
Q9Y5L3,ENTPD2
Q96CB8,INTS12
K7ERP4,GPX4
H3BRM1,ZFYVE19
C9JHK9,ABCF2
A0A0A0MTQ5,ATP5MPL
Q6F5E8,CARMIL2
J3QRV5,LLGL2
Q9NRY2,INIP
I3L1V0,ABHD12
Q9Y294,ASF1A
Q96IR7,HPDL
Q9BT22,ALG1
A0A5F9ZHW5,ATXN2
Q96CU9,FOXRED1
Q8WUF5,PPP1R13L
P0DPB6,POLR1D
Q6IAK0,SELENOT
Q7Z434,MAVS
P0CG08,GPR89B
Q96EL3,MRPL53
H0YCA5,SPATA5L1
Q9BW19,KIFC1
Q9H8S9,MOB1A
A6NJX6,CHCHD1
Q9NYB0,TERF2IP
F8VUA2,CHMP1A
Q9UKG1,APPL1
Q66K74,MAP1S
H0YDU8,PPP5C
Q9H0N0,RAB6C
P36639,NUDT1
Q99523,SORT1
Q6PIP6,IMPA2
Q5VIR6,VPS53
Q9NX07,TRNAU1AP
O15551,CLDN3
B4E0K5,MAPK14
Q8TD30,GPT2
Q5T2E6,ARMH3
Q6PGP7,TTC37
Q96GK7,FAHD2A
A0A0A0MSQ0,PLS3
E9PC90,CCNB1
B5MD00,TOMM7
P00846,MT-ATP6
X6R631,MRPL55
O60725,ICMT
K7EKI0,EVPL
Q99569,PKP4
P05026,ATP1B1
Q71SY5,MED25
H0YGR4,REXO2
B4DIW9,ANKRD28
P35270,SPR
K7ELF1,MRPL4
B4DIP2,ERBIN
Q4KMP7,TBC1D10B
H0YHR9,NAA25
P11233,RALA
Q9UBR2,CTSZ
Q9H1I8,ASCC2
Q14203,DCTN1
H7C3R3,ZYX
F5H8A0,TRPT1
Q14789,GOLGB1
Q86VU5,COMTD1
A0A0J9YX89,SELENOF
Q8NG42,PGR
Q9Y399,MRPS2
P35573,AGL
Q96IJ6,GMPPA
E5RIY1,PPP2R2A
A0A2U3TZL5,CD59
G3V1P5,MED15
V9GYM8,ARHGEF2
A0A2R8Y7G1,AHR
Q13505,MTX1
Q92947,GCDH
Q13257,MAD2L1
Q1ED39,KNOP1
H0YGG4,EIF2B1
P48634,PRRC2A
Q13416,ORC2
H0YBD2,COX7A2L
M0R1L4,DPP9
P13674,P4HA1
Q96JB5,CDK5RAP3
O14646,CHD1
F8VSC5,SCYL2
Q8WXA9,SREK1
A0A075B797,NOSIP
Q9H4A6,GOLPH3
Q9NZM5,NOP53
P48739,PITPNB
A7E2Y1,MYH7B
O94886,TMEM63A
P78357,CNTNAP1
Q9H3K2,GHITM
P50443,SLC26A2
Q04941,PLP2
P08047,SP1
Q5VZ89,DENND4C
A0A494C1E2,PGM3
P48960,ADGRE5
C9J4E3,LPP
H0Y7D7,ATF6B
Q9UKS6,PACSIN3
Q8IZX4,TAF1L
O95218,ZRANB2
Q9P016,THYN1
Q8TAE8,GADD45GIP1
P62166,NCS1
Q8N8A6,DDX51
O14529,CUX2
P49848,TAF6
Q9H6T3,RPAP3
P27105,STOM
P61601,NCALD
P12259,F5
C9JQS9,PCCB
G8JLB3,PUS1
Q13425,SNTB2
E9PC69,MARK2
H0YHS6,YARS2
C9J2Y4,FAM136A
F8VXI1,NDUFA12
E9PML0,CYP4B1
P05362,ICAM1
E9PKN0,PCF11
Q14376,GALE
V9GY58,ELMOD2
Q99805,TM9SF2
Q96K58,ZNF668
A0A3B3ISI3,INPP5F
G3V4I5,GSKIP
Q9NYU1,UGGT2
B4E1E4,EIF4E2
D6REK3,CWC27
X6RI37,SHOC2
Q9NUB1,ACSS1
E5RGS4,PFDN1
K7EIU8,SMAD4
P31321,PRKAR1B
Q13217,DNAJC3
A6QRG9,PLXNB2
C9JG08,C2orf16
A8MXE8,RAI1
Q9Y2Q5,LAMTOR2
Q9Y2P8,RCL1
V9GY93,TMEM165
O14949,UQCRQ
Q96D71,REPS1
Q9BY32,ITPA
Q9H1C4,UNC93B1
H9KVA9,BRCC3
Q9NZL4,HSPBP1
Q9BQC6,MRPL57
Q96S59,RANBP9
I3L2C7,GEMIN4
A0A087X0R6,SNX12
Q8IXQ3,C9orf40
Q3L8U1,CHD9
Q12800,TFCP2
Q96HA7,TONSL
P19784,CSNK2A2
Q7L4I2,RSRC2
Q53T59,HS1BP3
Q8IZ73,RPUSD2
Q9H974,QTRT2
P03928,MT-ATP8
A0A0D9SGE8,PHF6
Q8NFC6,BOD1L1
Q969L2,MAL2
M0QZD8,LOC400499
B4E101,TAMM41
Q9NQT5,EXOSC3
E9PGC8,MAP1A
Q7LGA3,HS2ST1
H7BZ55,CROCC2
A0A087WVU6,HECTD1
Q96BW5,PTER
A6PVM9,AIF1L
Q9UHA4,LAMTOR3
A0A286YF26,SCN1A
O14967,CLGN
Q9H1A4,ANAPC1
Q9NRL2,BAZ1A
P83436,COG7
Q9H7B4,SMYD3
A0A0J9YWM9,UTP4
Q6P6C2,ALKBH5
X6R868,CEL
B1AKN6,NFIA
Q96MG2,JSRP1
Q5KS07,ZBTB21
Q9H6U8,ALG9
Q5JT88,SHPRH
E9PLG8,GPAA1
A0A0U1RR22,PACSIN2
Q92888,ARHGEF1
P41227,NAA10
Q92902,HPS1
Q9P206,KIAA1522
G3V0I5,NDUFV1
C9J0X3,PDLIM2
O15164,TRIM24
O95486,SEC24A
O14964,HGS
Q8IVS2,MCAT
P01008,SERPINC1
E5RIA4,DNPEP
B4E1N1,ARMC6
O95429,BAG4
Q12834,CDC20
Q96GM8,TOE1
A0A494C0W0,PARN
Q9BUT9,MCRIP2
Q9H9B1,EHMT1
P21266,GSTM3
Q9BZH6,WDR11
Q9ULR0,ISY1
M0QXH4,HAS1
O00178,GTPBP1
H0YBN6,CSNK1G3
A0A087WW69,EIF2B4
Q15054,POLD3
O00458,IFRD1
H7C519,NT5DC2
Q13795,ARFRP1
F5H3W0,RECQL
C9JYY9,NUDT5
Q9NRC6,SPTBN5
H7C2B5,RIF1
Q9H3Z4,DNAJC5
Q9BWS9,CHID1
G3V2L5,COQ6
Q96Q89,KIF20B
Q7Z6M4,MTERF4
G3V1U3,METAP2
Q8WZA9,IRGQ
H3BU49,ARL2BP
Q8IWB7,WDFY1
Q9UII2,ATP5IF1
A0A087WU80,TNFAIP3
Q15291,RBBP5
Q8N0X7,SPART
Q16821,PPP1R3A
A0A0A0MSB8,EXOC7
Q969X5,ERGIC1
Q92903,CDS1
P51513,NOVA1
Q9H2J7,SLC6A15
F5H0Q6,CLASRP
Q99567,NUP88
E9PI59,ACCSL
Q96KG9,SCYL1
P80365,HSD11B2
Q9BU61,NDUFAF3
Q92643,PIGK
P12074,COX6A1
Q8N5L8,RPP25L
Q5VTU8,ATP5F1EP2
F8VRK2,PPHLN1
Q13618,CUL3
Q969U7,PSMG2
Q96N67,DOCK7
Q9BUV8,RAB5IF
O43286,B4GALT5
E9PIP1,C11orf54
Q9P013,CWC15
B9EGQ5,WIZ
A2A2M1,NFS1
Q9BRT9,GINS4
Q08722,CD47
P47974,ZFP36L2
Q9Y6I3,EPN1
P52298,NCBP2
Q9NZ72,STMN3
P52435,POLR2J
P55268,LAMB2
Q5VZK9,CARMIL1
Q5T5E9,TARS2
Q9Y6G3,MRPL42
K7EP45,VPS25
E9PG02,SUMF2
Q14807,KIF22
Q99549,MPHOSPH8
C9JNM8,MTERF1
Q8TEQ6,GEMIN5
H7C009,PDE2A
Q9Y2Q9,MRPS28
I3L4J1,1 SV
F6S7C4,SUPT20H
Q7L5D6,GET4
A0A669KBF5,TMEM30A
A0A5F9ZHM8,ASL
A0A087WZQ5,MERTK
H3BNJ0,POLR3E
P04183,TK1
B4DEE8,MGMT
Q9NW36,HELLS
Q9H9Y2,RPF1
P51003,PAPOLA
F8WB69,UBXN7
Q3KQV9,UAP1L1
Q06587,RING1
O14975,SLC27A2
O95159,ZFPL1
C9JAJ9,RBBP7
Q9Y3D5,MRPS18C
J3QLU9,ERBB2
Q9H0R6,QRSL1
O60885,BRD4
P56962,STX17
H0YE02,HIF3A
A0A087WT20,DCAF13
A0A669KAX4,CUL4B
O14656,TOR1A
O15327,INPP4B
H0YB34,RIDA
P48147,PREP
Q8TD84,DSCAML1
J3QQM3,KLHL14
A0A3B3ITS5,3 SV
P49959,MRE11
Q7L3T8,PARS2
Q9BZJ0,CRNKL1
A0A075B6Z2,TRAJ56
F5H2X7,CIZ1
Q8NCI6,GLB1L3
F8WF63,RBM6
O43181,NDUFS4
G3V5F4,SLC25A29
A0A5H1ZRP4,NELFB
P62487,POLR2G
A0A087WTL3,ATP5F1D
Q6VN20,RANBP10
J3KNF4,CCS
Q9NWY4,HPF1
Q9UER7,DAXX
Q03112,MECOM
Q8N5A5,ZGPAT
Q9Y248,GINS2
A0A0B4J1S1,CIITA
E2QRI1,P3H1
H3BUR4,NOB1
E9PNJ4,STIM1
P20849,COL9A1
A0A0A0MSH9,CHD1L
O95294,RASAL1
A0A590UJL2,DLG1
Q7L2J0,MEPCE
A2A2E0,MANBAL
Q13596,SNX1
Q5VUJ9,EFCAB2
E7EX70,POLR1E
P03915,MT-ND5
Q5VTL8,PRPF38B
P54296,MYOM2
A0A1W2PRB8,3 SV
E9PI04,RIC8A
Q99856,ARID3A
H0YBK3,INTS9
F5GXB9,ANAPC15
Q9Y5P6,GMPPB
P16885,PLCG2
Q8IVT2,MISP
Q96KN1,LRATD2
Q9H4A5,GOLPH3L
Q9C0G6,DNAH6
E9PPX6,ATPAF1
Q14061,COX17
Q96G25,MED8
Q5T3U5,ABCC10
Q96Q06,PLIN4
P46199,MTIF2
A0A5F9ZHU7,PRIM2
O75843,AP1G2
A0A0C4DGB1,DIMT1
A0A669KB52,STAT1
A0A087X097,CDH23
P00451,F8
Q96L91,EP400
E9PPG7,ECHDC1
Q8WY36,BBX
J3KPT4,TRABD
Q9Y4E6,WDR7
F5H538,MAP3K4
Q9Y3D0,CIAO2B
H0YAC6,LRBA
A0A5F9ZHH6,RXRA
F5H1T6,ATP6V0A1
H0Y7V4,DNAH8
O95248,SBF1
Q9Y679,AUP1
Q6ZV73,FGD6
Q9Y2G8,DNAJC16
F5GXL1,FNBP4
Q8WXS8,ADAMTS14
Q9HCD6,TANC2
F2Z2U4,TRRAP
E5RIN2,TBC1D9B
Q9Y5M6,OCLM
G3V158,DERA
Q86TV6,TTC7B
Q96DR4,STARD4
E9PM04,DCUN1D5
J3KTD2,RTTN
Q12972,PPP1R8
Q96GS6,ABHD17A
Q86UV5,USP48
Q9Y6W3,CAPN7
H7BZA8,RALGAPA2
Q5BJD5,TMEM41B
F8VZV1,MON2
Q5BJF2,TMEM97
Q15024,EXOSC7
Q8NFT8,DNER
Q8IYB4,PEX5L
Q9Y5F1,PCDHB12
H3BQD4,TSR3
Q9P281,BAHCC1
Q6ZXV5,TMTC3
Q9NXX6,NSMCE4A
Q5JR59,MTUS2
P78537,BLOC1S1
H0Y6Z7,PTPRF
H7BZF5,C2orf80
E7EWP2,TRIO
D6RAR1,TSPAN5
Q9H2G2,SLK
Q9Y3D7,PAM16
E9PJK4,ARHGAP42
A0A3B3IRL5,IMPDH1
Q69YG0,TMEM42
Q7Z7C8,TAF8
O00161,SNAP23
Q96T58,SPEN
Q8N0V3,RBFA
H7BXD0,LRRC74A
Q9BWT3,PAPOLG
Q8TD43,TRPM4
Q9H7L9,SUDS3
Q9H6F2,TMEM38A
J3KMZ7,INTS2
A0A2R8Y5P4,SUCLA2
C9JE56,WDR76
Q8N9L9,ACOT4
F6U1T9,PPP3R1
P49585,PCYT1A
D6RAN8,MRPL27
P02749,APOH
Q8TED0,UTP15
A0A2R8YG57,ESPN
Q9Y5Y6,ST14
Q9HCS5,EPB41L4A
Q6UXH1,CRELD2
F8WCJ7,SEC62
E7ENN3,SYNE1
Q96B13,PPP2R5C
Q5BKU9,OXLD1
G3V1A9,NCAPD3
K7EPL6,4 SV
A0A2R8Y7Z3,RUNX2
Q96S55,WRNIP1
M0QX38,NOTCH3
Q96AJ9,VTI1A
P48051,KCNJ6
Q13190,STX5
Q96JI7,SPG11
P41587,VIPR2
A0A1C7CYZ1,MAPK15
Q5HYI7,MTX3
Q8N468,MFSD4A
A0A2R8Y7B1,CCDC88A
H0YJD1,PAX8
Q9NYQ6,CELSR1
E7ESA9,RUNX1T1
A6PW57,PIP5K1A
A0A0G2JNC7,NAIP
O94823,ATP10B
Q6P9G9,ZNF449
Q9NPD8,UBE2T
H3BPZ8,PRMT7
P40394,ADH7
Q2KHT3,CLEC16A
A0A1B0GTL7,CNTN2
P48544,KCNJ5
F6VUX8,CENPJ
A0A087X0S5,COL6A1
O43711,TLX3
P55017,SLC12A3
Q9UBM7,DHCR7
Q6PJ61,FBXO46
Q8N9V6,ANKRD53
Q9UBC5,MYO1A
K7ENX1,RLN3
Q5HY64,FAM47C
G3V351,ZBTB25
Q7Z422,SZRD1
Q6ZS27,ZNF662
Q9P2U8,SLC17A6
O75106,AOC2
Q6PIF6,MYO7B
P28702,RXRB
Q9H1Z4,WDR13
P58012,FOXL2
O15068,MCF2L
Q6PJG6,BRAT1
J3KT75,MPDU1
F5GZY7,GABARAPL1
Q9H4L5,OSBPL3
X6RL26,DCAF12
Q75VX8,GAREM2
Q9H2S9,IKZF4
P04049,RAF1
Q8WUI4,HDAC7
Q68G75,LEMD1
Q96M42,LINC00479
C9JR62,CCDC141
P15085,CPA1
A0A0A0MTC1,RNF213
A0A0G2JL52,VARS2
E7EQ64,PRSS1
O95847,SLC25A27
P45877,PPIC
Q5CZC0,FSIP2
Q9Y614,ACTL7B
J3QQW2,SS18
F8VW93,SDS
O00468,AGRN
Q8NFQ6,BPIFC
Q96DZ5,CLIP3
Q6V0I7,FAT4
V9H0V9,SLC4A1
Q00169,PITPNA
Q8WVD3,RNF138
Q8N5H7,SH2D3C
Q9C0D5,TANC1
Q13469,NFATC2
G3XAJ4,TXNDC9
Q9Y2T3,GDA
A0MZ66,SHTN1
O60543,CIDEA
Q9Y4F5,CEP170B
U3KQF7,BICD1
F8VZH8,UNC13A
Q96DX4,RSPRY1
X6R390,AP2S1
Q8WZA0,LZIC
H7C0W7,FAM126A
Q6P0Q8,MAST2
E5RHA3,ERICH1
Q14687,GSE1
P78310,CXADR
Q8IZ52,CHPF
Q8WUT4,LRRN4
Q96SR6,ZNF382
H3BSE0,UBL7
K7ERW1,OAZ1
P41743,PRKCI
E9PCN2,GUCY1B1
A0A087WWY6,ILK
G3V2T6,4 SV
P84550,SKOR1
H0YB70,HYI
Q9NU22,MDN1
O60258,FGF17
Q8IZF6,ADGRG4
F6QZY1,WAPL
A0A087WUK4,NR2C1
A0A1W2PNF7,ELP4
Q96MA6,AK8
O15303,GRM6
Q6ULP2,AFTPH
Q8WV37,ZNF480
A6ND91,ASPDH
Q9BWH6,RPAP1
D6RGE5,CSNK1A1
Q9UPA5,BSN
A7KAX9,ARHGAP32
A0A1B0GTJ6,hCG_1796489
